Date Time,Vol A,Vol B,Vol C,Cur A,Cur B,Cur C,KW Total,KVAR Total,PF,Hz,KWH Total
2026-02-26 12:56:23,396.34,396.59,397.11,396.42,397.05,47.83,77.27,20.63,43.68,49.96,0.9
2026-02-26 12:56:38,396.92,396.24,396.74,56.28,78.84,49.28,37.99,18.7,0.9,49.96,1315816.88
2026-02-26 12:57:28,0.0,395.52,0.0,0.0,395.56,56.08,40.28,90.72,40.74,19.61,1315817.38
2026-02-26 12:57:41,396.21,395.53,396.41,69.46,90.88,49.29,43.17,20.67,0.9,49.96,1315817.5
2026-02-26 12:58:31,395.54,395.12,396.03,90.11,92.34,50.61,46.89,21.53,0.91,49.97,1315818.12
2026-02-26 12:58:44,395.55,395.01,396.02,86.28,92.68,50.71,47.69,21.58,0.91,49.97,1315818.25
2026-02-26 12:59:34,395.13,394.68,395.28,72.18,79.89,51.32,42.07,19.39,0.91,49.97,1315818.88
2026-02-26 12:59:46,395.09,393.56,395.13,60.34,126.53,51.16,48.5,23.76,0.9,49.98,1315819.0
2026-02-26 13:00:37,395.42,394.11,395.03,60.03,95.37,59.34,44.44,20.32,0.91,49.96,1315819.62
2026-02-26 13:00:49,395.23,394.0,394.91,59.92,94.63,59.73,47.37,23.81,0.89,49.97,1315819.75
2026-02-26 13:01:40,395.12,394.07,394.62,61.18,91.54,64.26,45.52,19.13,0.92,49.96,1315820.38
2026-02-26 13:01:52,394.7,393.69,394.17,61.0,91.68,64.4,45.5,19.08,0.92,49.95,1315820.5
2026-02-26 13:02:42,394.17,392.79,393.68,61.61,106.84,66.33,49.17,20.05,0.93,49.95,1315821.12
2026-02-26 13:02:55,393.72,392.61,393.54,72.52,106.26,66.44,51.47,21.01,0.93,49.95,1315821.5
2026-02-26 13:03:45,393.29,393.29,393.14,393.14,107.04,107.04,52.45,52.45,0.93,0.93,1315822.25
2026-02-26 13:03:58,393.29,392.21,393.2,77.33,106.71,66.2,52.61,21.07,0.93,49.95,1315822.38
2026-02-26 13:04:49,392.84,392.84,392.99,393.08,90.84,113.08,56.1,56.1,0.93,0.93,1315823.12
2026-02-26 13:05:04,393.01,391.77,393.18,91.18,123.46,62.43,58.26,23.33,0.93,49.96,1315823.38
2026-02-26 13:05:51,392.39,392.39,392.7,392.7,123.78,123.78,58.08,58.08,0.93,23.21,49.95
2026-02-26 13:06:07,392.67,391.47,393.37,90.62,120.82,45.47,53.72,22.22,0.92,49.96,1315824.38
2026-02-26 13:06:54,397.62,397.62,397.97,395.95,78.56,121.33,51.81,51.81,0.92,22.13,49.96
2026-02-26 13:07:13,397.64,396.01,398.0,78.94,121.25,46.33,51.95,22.09,0.92,50.01,1315825.38
2026-02-26 13:07:58,395.82,395.82,0.0,396.52,117.27,117.24,52.7,52.7,0.92,0.92,1315826.0
2026-02-26 13:08:16,396.87,395.52,397.27,76.45,116.38,45.95,50.07,21.8,0.92,49.96,1315826.25
2026-02-26 13:09:15,20.73,0.92,1315827.12,76.03,-0.0,45.58,0.0,0.0,-0.0,49.95,0.0
2026-02-26 13:09:21,397.47,396.33,397.64,76.09,104.43,45.68,47.45,20.79,0.92,49.95,1315827.25
2026-02-26 13:10:18,398.18,397.27,398.65,85.54,103.65,45.4,49.26,21.75,0.91,49.96,1315828.0
2026-02-26 13:10:24,397.91,397.15,398.43,86.47,103.38,45.33,49.37,21.71,0.91,49.95,1315828.0
2026-02-26 13:11:21,397.84,397.01,398.36,77.23,96.54,45.95,45.54,20.89,0.91,49.96,1315828.75
2026-02-26 13:11:27,398.02,397.17,398.59,76.28,96.81,45.82,45.87,20.88,0.91,49.95,1315828.88
2026-02-26 13:12:23,400.62,399.37,400.9,76.92,105.83,45.55,48.19,21.33,0.91,49.95,1315829.5
2026-02-26 13:12:30,394.89,394.26,395.47,92.48,103.84,45.4,49.83,21.07,0.92,49.96,1315829.62
2026-02-26 13:13:26,395.55,394.65,396.26,85.68,104.19,38.99,47.82,20.94,0.92,49.99,1315830.38
2026-02-26 13:13:32,395.63,394.77,396.29,87.96,103.93,38.92,48.33,20.83,0.92,50.01,1315830.38
2026-02-26 13:14:29,395.05,394.39,395.87,87.32,97.83,39.14,46.8,20.84,0.91,49.96,1315831.12
2026-02-26 13:14:35,395.27,394.6,396.23,85.83,107.62,38.95,48.15,21.93,0.91,49.96,1315831.25
2026-02-26 13:15:32,395.13,394.04,396.11,89.57,110.02,39.1,49.71,21.92,0.91,49.97,1315832.12
2026-02-26 13:15:38,395.59,394.48,396.44,88.45,110.15,39.11,49.78,21.89,0.91,49.99,1315832.25
2026-02-26 13:16:35,396.05,394.87,396.82,83.82,110.45,38.13,48.65,20.91,0.92,50.02,1315833.0
2026-02-26 13:16:41,396.03,394.64,396.83,83.47,110.13,38.1,48.53,20.8,0.92,50.04,1315833.0
2026-02-26 13:17:37,396.75,395.62,397.75,69.38,109.56,38.19,45.43,19.86,0.92,50.05,1315833.75
2026-02-26 13:17:44,397.12,395.75,397.51,70.43,109.43,41.84,46.56,19.85,0.92,50.05,1315833.88
2026-02-26 13:18:40,396.45,394.63,397.02,67.78,109.38,41.13,45.69,19.73,0.92,50.0,1315834.62
2026-02-26 13:18:47,396.34,394.78,396.69,65.63,109.69,41.3,45.26,19.73,0.92,50.0,1315834.62
2026-02-26 13:19:43,396.2,394.82,396.51,79.84,109.58,40.98,48.26,20.62,0.92,50.01,1315835.38
2026-02-26 13:19:50,395.8,394.56,396.72,80.3,109.56,41.12,48.42,20.58,0.92,50.02,1315835.5
2026-02-26 13:20:46,396.33,394.73,396.63,67.84,110.1,40.85,45.77,19.65,0.92,50.02,1315836.12
2026-02-26 13:20:52,396.16,394.8,396.53,69.38,99.31,41.05,43.91,18.91,0.92,50.01,1315836.25
2026-02-26 13:21:49,396.09,394.87,396.71,69.44,98.21,38.73,43.51,19.3,0.91,50.05,1315836.88
2026-02-26 13:21:55,395.34,394.38,396.36,82.29,98.1,38.8,45.73,20.07,0.91,50.04,1315837.0
2026-02-26 13:22:52,395.88,394.47,396.16,66.36,97.22,38.38,41.86,19.17,0.91,50.04,1315837.75
2026-02-26 13:22:58,396.09,394.59,396.4,66.29,97.04,38.29,41.77,19.11,0.91,50.04,1315837.88
2026-02-26 13:23:55,395.1,393.84,395.45,65.97,96.59,38.33,41.62,18.9,0.91,50.05,1315838.5
2026-02-26 13:24:01,395.01,393.62,395.52,66.35,96.61,38.32,44.17,22.64,0.89,50.05,1315838.5
2026-02-26 13:24:57,394.87,393.91,395.49,79.0,96.95,44.44,45.76,20.55,0.91,50.02,1315839.25
2026-02-26 13:25:04,394.61,393.74,395.37,78.91,97.2,45.3,46.07,20.57,0.91,50.02,1315839.38
2026-02-26 13:26:00,394.93,393.29,395.15,78.68,108.02,49.13,49.1,21.5,0.92,50.05,1315840.0
2026-02-26 13:26:06,394.64,393.45,395.09,78.51,107.92,44.3,47.86,21.47,0.91,50.04,1315840.12
2026-02-26 13:27:03,395.08,394.08,395.76,79.32,106.76,44.26,47.72,21.7,0.91,49.96,1315840.88
2026-02-26 13:27:09,395.09,393.71,395.18,79.42,106.78,44.34,47.74,21.65,0.91,49.96,1315841.0
2026-02-26 13:28:06,395.3,394.21,395.45,66.62,98.53,44.07,43.55,19.51,0.91,50.04,1315841.62
2026-02-26 13:28:12,395.72,394.29,395.87,66.66,99.69,43.97,43.78,19.58,0.91,50.05,1315841.75
2026-02-26 13:29:09,394.88,393.68,395.37,78.46,111.07,44.49,48.72,21.47,0.91,50.05,1315842.5
2026-02-26 13:29:15,394.82,393.48,395.08,78.36,111.1,44.26,48.65,21.42,0.91,50.04,1315842.75
2026-02-26 13:30:12,50.04,393.5,928503496704.0,78.89,0.0,44.68,0.0,0.0,394.31,50.04,394.82
2026-02-26 13:30:23,394.45,393.25,395.16,79.03,115.53,46.75,50.48,21.59,0.92,50.03,1315843.62
2026-02-26 13:31:14,394.66,393.8,395.19,93.17,103.6,54.92,52.85,22.19,0.92,50.05,1315844.38
2026-02-26 13:31:32,395.87,394.57,395.73,66.85,100.93,54.41,46.39,20.25,0.92,50.05,1315844.62
2026-02-26 13:32:17,0.91,394.08,50.05,928626769920.0,99.85,0.0,44.35,-0.0,0.91,395.36,1315845.12
2026-02-26 13:32:39,394.97,393.62,395.24,65.84,109.79,46.38,46.03,20.78,0.91,50.01,1315845.38
2026-02-26 13:33:20,0.0,0.0,395.22,0.0,110.65,394.19,394.85,22.69,110.65,50.01,50.83
2026-02-26 13:33:47,394.6,393.25,394.7,76.35,111.23,46.85,48.64,21.65,0.91,49.99,1315846.38
2026-02-26 13:34:22,394.9,0.0,0.0,76.0,0.0,55.44,393.63,21.63,76.09,50.04,112.54
2026-02-26 13:34:55,395.09,393.66,395.22,75.12,112.71,54.35,50.78,21.39,0.92,50.05,1315847.25
2026-02-26 13:35:27,0.0,395.01,395.01,112.06,112.06,47.77,47.77,0.92,0.92,1315847.75,1315847.75
2026-02-26 13:36:07,395.37,393.8,395.29,61.6,110.28,54.36,47.32,20.31,0.92,50.04,1315848.38
2026-02-26 13:36:30,395.51,50.05,395.61,928872857600.0,-0.0,0.0,0.0,0.0,0.92,393.9,1315848.62
2026-02-26 13:37:09,395.47,394.11,395.26,60.84,99.73,53.82,44.87,19.24,0.92,50.05,1315849.12
2026-02-26 13:37:33,395.4,394.22,395.07,60.8,97.09,53.9,44.21,19.2,0.92,50.04,1315849.38
2026-02-26 13:38:12,394.68,393.61,394.41,70.96,96.29,53.54,45.97,20.04,0.92,49.96,1315849.88
2026-02-26 13:38:35,1315850.12,393.36,928984989696.0,0.0,0.0,-0.0,42.42,395.25,393.52,394.83,1315850.12
2026-02-26 13:39:17,395.48,393.77,395.4,60.88,98.24,48.03,42.99,19.22,0.91,50.02,1315850.62
2026-02-26 13:39:38,395.11,393.69,395.01,61.48,97.96,47.67,42.99,19.33,0.91,50.01,1315850.88
2026-02-26 13:40:20,395.14,393.49,394.75,62.4,99.65,47.61,43.59,19.38,0.91,50.03,1315851.38
2026-02-26 13:40:41,394.98,393.83,395.19,73.86,99.12,48.13,46.07,20.12,0.92,50.03,1315851.62
2026-02-26 13:41:23,395.31,394.49,395.68,74.58,96.99,47.85,45.57,20.52,0.91,49.99,1315852.12
2026-02-26 13:41:44,394.91,393.96,395.0,75.34,96.96,52.86,46.59,21.25,0.92,50.01,1315852.38
2026-02-26 13:42:25,394.76,393.6,394.92,77.23,112.74,54.82,51.32,21.48,0.92,50.01,1315853.0
2026-02-26 13:42:47,395.0,393.92,395.48,89.6,112.4,54.22,53.77,22.52,0.92,50.01,1315853.25
2026-02-26 13:43:28,394.32,393.73,394.81,92.6,112.72,54.8,54.64,22.67,0.92,50.04,1315854.0
2026-02-26 13:43:49,393.99,392.8,394.39,92.75,112.99,55.1,54.73,22.55,0.92,50.02,1315854.38
2026-02-26 13:44:31,394.88,393.64,394.86,80.99,114.12,61.03,53.8,22.11,0.92,49.99,1315855.0
2026-02-26 13:44:52,394.12,392.97,394.32,80.02,112.6,61.63,53.37,21.94,0.92,49.99,1315855.25
2026-02-26 13:45:34,394.54,393.82,394.94,90.51,101.23,61.4,53.31,21.74,0.93,50.03,1315855.88
2026-02-26 13:45:55,394.28,393.47,394.44,80.58,102.17,61.85,51.49,20.93,0.93,49.98,1315856.12
2026-02-26 13:46:37,394.18,393.41,394.53,80.29,101.19,62.11,51.19,21.0,0.92,49.97,1315856.75
2026-02-26 13:46:58,394.03,393.25,394.32,80.58,102.91,61.95,51.71,20.94,0.93,50.01,1315857.0
2026-02-26 13:47:40,394.23,393.19,394.12,80.14,100.99,61.9,51.04,20.92,0.92,49.96,1315857.62
2026-02-26 13:48:01,394.03,393.13,394.04,78.03,101.23,62.1,50.71,20.67,0.92,49.95,1315857.88
2026-02-26 13:48:43,394.08,393.05,393.78,66.11,100.83,62.66,48.2,19.84,0.92,49.99,1315858.5
2026-02-26 13:49:04,394.04,392.88,393.82,65.64,100.71,62.23,47.96,19.73,0.92,49.99,1315858.88
2026-02-26 13:49:46,393.5,391.9,393.26,65.56,113.09,61.81,50.33,20.68,0.92,49.96,1315859.5
2026-02-26 13:50:07,393.39,391.9,393.61,65.9,111.38,61.4,49.93,20.8,0.92,49.96,1315859.75
2026-02-26 13:50:49,393.03,391.88,393.3,76.45,109.78,61.41,51.74,21.58,0.92,50.04,1315860.25
2026-02-26 13:51:10,393.21,392.23,393.48,76.38,108.98,61.27,51.51,21.62,0.92,50.05,1315860.62
2026-02-26 13:51:52,393.27,392.22,393.89,76.94,107.11,54.52,49.75,21.26,0.92,50.05,1315861.25
2026-02-26 14:07:38,393.77,393.05,393.97,84.65,98.5,64.61,51.91,21.3,0.92,50.01,1315874.12
2026-02-26 14:08:20,392.69,392.52,393.38,97.26,102.14,66.57,53.37,21.4,0.93,49.96,1315874.88
2026-02-26 14:08:41,393.5,392.75,393.43,85.39,100.83,66.38,53.05,21.22,0.93,49.96,1315875.25
2026-02-26 14:09:23,394.01,393.28,393.9,73.64,100.12,65.97,50.35,20.43,0.92,49.97,1315875.75
2026-02-26 14:09:44,394.03,393.06,393.81,65.59,99.8,65.95,48.36,20.34,0.92,50.0,1315876.12
2026-02-26 14:10:26,393.59,392.58,394.21,102.93,115.31,60.95,57.87,25.78,0.92,49.99,1315876.62
2026-02-26 14:10:47,393.71,392.87,394.37,96.08,115.15,61.31,57.17,23.49,0.92,49.98,1315877.0
2026-02-26 14:11:29,393.32,392.1,393.64,80.39,114.92,61.12,53.6,22.43,0.92,49.96,1315877.62
2026-02-26 14:11:50,393.79,393.13,393.92,66.74,89.37,60.78,45.2,19.47,0.92,49.99,1315877.88
2026-02-26 14:12:32,394.08,393.45,394.31,77.22,88.7,54.43,45.85,20.02,0.91,49.98,1315878.38
2026-02-26 14:12:53,393.71,393.39,394.17,75.81,88.49,54.25,45.48,19.77,0.92,49.99,1315878.62
2026-02-26 14:13:35,393.76,392.81,393.9,76.17,88.88,54.62,45.73,19.77,0.92,49.97,1315879.25
2026-02-26 14:13:56,394.08,393.51,394.18,75.83,88.91,54.42,45.64,19.76,0.92,49.98,1315879.5
2026-02-26 14:14:38,393.86,393.2,394.03,75.34,89.14,54.46,45.62,19.5,0.92,49.97,1315880.12
2026-02-26 14:15:00,0.0,0.92,49.98,75.73,931135029248.0,54.36,0.0,19.53,-0.0,49.98,0.0
2026-02-26 14:15:56,393.14,392.92,393.8,101.83,100.57,55.98,54.05,22.46,0.92,49.99,1315881.12
2026-02-26 14:16:03,931194929152.0,392.69,0.0,87.66,0.0,-0.0,50.74,392.81,0.92,392.59,87.62
2026-02-26 14:16:59,393.11,392.53,393.89,88.1,101.75,54.33,50.96,21.65,0.92,49.99,1315882.0
2026-02-26 14:17:05,393.55,393.16,394.17,88.11,101.87,54.39,51.05,21.65,393.02,49.99,88.16
2026-02-26 14:18:01,393.02,392.27,393.29,88.82,101.8,54.16,51.05,21.5,0.92,49.98,1315882.88
2026-02-26 14:18:08,393.06,392.54,393.2,88.12,101.7,54.1,50.94,21.3,0.92,49.98,1315883.0
2026-02-26 14:19:04,393.85,392.76,394.12,77.15,99.73,54.21,48.24,20.43,0.92,50.05,1315883.75
2026-02-26 14:19:11,393.69,392.75,393.89,77.35,99.82,54.0,48.25,20.44,0.92,50.04,1315883.75
2026-02-26 14:20:07,394.04,393.12,394.07,78.45,92.39,56.93,47.81,19.65,0.92,50.01,1315884.5
2026-02-26 14:20:14,394.29,393.62,394.46,78.48,90.68,56.99,47.4,19.74,0.92,50.01,1315884.62
2026-02-26 14:21:10,394.37,393.89,394.7,79.3,91.44,60.67,48.67,19.81,0.92,49.97,1315885.5
2026-02-26 14:21:16,394.36,393.76,394.46,79.3,91.09,61.84,48.88,19.8,0.92,49.99,1315885.62
2026-02-26 14:22:12,395.02,394.34,395.26,76.59,88.85,57.04,46.57,19.68,0.92,50.02,1315886.25
2026-02-26 14:22:19,394.52,393.83,394.82,76.71,89.33,56.89,46.7,19.62,0.92,50.02,1315886.38
2026-02-26 14:23:15,394.13,393.89,394.78,88.26,90.91,54.3,48.89,20.51,0.92,49.96,1315887.12
2026-02-26 14:23:22,394.04,394.09,394.73,96.1,89.19,54.29,49.96,21.55,0.92,49.96,1315887.12
2026-02-26 14:24:18,393.53,393.01,394.19,88.49,89.19,54.22,48.32,20.81,0.92,50.0,1315887.88
2026-02-26 14:24:24,394.51,394.33,395.09,88.19,89.4,54.11,48.32,21.0,0.92,49.99,1315888.0
2026-02-26 14:25:21,393.92,393.61,394.46,88.36,92.05,60.87,50.48,21.39,0.92,49.97,1315888.75
2026-02-26 14:25:27,394.41,394.12,394.68,88.47,92.01,60.52,50.43,21.46,0.92,49.97,1315888.88
2026-02-26 14:26:23,394.77,394.04,395.0,89.84,100.63,67.6,54.2,22.38,0.92,50.04,1315889.62
2026-02-26 14:26:30,394.83,394.51,395.41,89.48,100.69,65.75,53.73,22.44,0.92,50.04,1315889.75
2026-02-26 14:27:26,394.07,393.66,394.54,90.12,101.68,65.3,53.95,22.38,0.92,49.99,1315890.75
2026-02-26 14:27:33,394.39,393.82,394.76,89.82,101.77,65.4,53.93,22.37,0.92,49.99,1315890.88
2026-02-26 14:28:29,394.41,393.74,394.64,88.77,101.43,65.31,53.66,22.11,0.92,50.0,1315891.62
2026-02-26 14:28:36,394.61,394.09,394.9,90.69,101.47,65.46,54.25,22.18,0.92,50.02,1315891.75
2026-02-26 14:29:33,395.14,394.25,395.06,77.33,101.25,63.61,50.83,21.28,0.92,50.03,1315892.5
2026-02-26 14:29:38,394.86,393.73,101.43,77.8,63.78,51.03,0.92,21.33,1315892.62,50.01,-0.0
2026-02-26 14:30:35,395.23,394.32,395.31,78.32,91.23,63.7,49.0,20.36,0.92,49.99,1315893.38
2026-02-26 14:30:41,395.11,394.26,394.99,78.22,91.22,63.65,48.98,20.32,0.92,50.02,1315893.5
2026-02-26 14:31:38,394.99,394.39,395.54,78.63,90.61,57.06,47.49,19.94,0.92,50.0,1315894.25
2026-02-26 14:31:44,395.42,394.75,395.85,78.79,90.96,56.94,47.61,20.04,0.92,49.99,1315894.38
2026-02-26 14:32:41,394.95,394.27,395.4,77.82,91.16,51.31,45.99,19.99,0.92,49.96,1315895.0
2026-02-26 14:32:46,394.44,393.73,394.88,77.82,90.94,51.25,45.91,20.03,0.92,49.96,1315895.12
2026-02-26 14:33:44,395.79,394.44,395.67,52.8,89.01,51.46,40.19,18.0,0.91,50.01,1315895.75
2026-02-26 14:33:49,395.98,394.5,395.78,52.58,88.94,51.27,40.1,17.92,0.91,50.03,1315895.88
2026-02-26 14:34:46,396.75,395.09,396.31,51.66,90.59,51.32,40.4,17.79,0.91,50.02,1315896.62
2026-02-26 14:34:52,396.29,395.1,396.01,51.65,90.55,51.43,40.42,17.8,0.91,50.02,1315896.62
2026-02-26 14:35:49,396.24,394.61,395.85,53.0,97.41,55.89,42.79,18.88,0.91,50.01,1315897.38
2026-02-26 14:35:55,396.0,394.91,395.8,64.38,98.52,55.95,45.71,19.88,0.92,50.0,1315897.38
2026-02-26 14:36:52,395.29,394.51,395.75,77.79,101.19,55.92,49.2,21.0,0.92,50.01,1315898.12
2026-02-26 14:36:57,395.05,393.99,395.5,77.82,101.56,55.91,49.26,21.05,0.92,50.0,1315898.25
2026-02-26 14:37:55,395.28,394.23,395.58,78.72,102.74,56.25,49.79,21.17,0.92,49.97,1315899.0
2026-02-26 14:38:00,394.87,393.68,395.53,79.09,102.55,56.36,49.84,21.08,0.92,49.97,1315899.0
2026-02-26 14:38:58,394.51,393.82,395.06,87.75,104.39,56.68,52.49,21.17,0.93,49.96,1315899.88
2026-02-26 14:39:03,394.71,394.2,395.39,87.91,105.36,56.72,52.76,21.15,0.93,49.96,1315900.0
2026-02-26 14:40:00,394.7,393.87,395.08,88.63,103.49,56.36,52.36,21.02,0.93,49.96,1315900.75
2026-02-26 14:40:06,394.45,393.66,394.86,88.72,103.75,56.63,52.48,21.08,0.93,49.96,1315900.88
2026-02-26 14:41:03,394.19,393.54,394.67,99.28,104.28,56.64,54.86,21.85,0.93,49.97,1315901.88
2026-02-26 14:41:09,393.73,393.17,394.47,100.28,104.24,56.56,55.03,21.78,0.93,49.98,1315901.88
2026-02-26 14:42:06,394.7,393.99,395.02,87.96,103.4,56.79,52.34,20.93,0.93,50.04,1315902.75
2026-02-26 14:42:13,0.0,394.38,394.38,103.26,103.26,60.1,20.79,20.79,50.03,1315902.88,1315902.88
2026-02-26 14:43:09,393.73,393.19,394.23,88.56,104.05,56.49,52.44,20.96,0.93,49.97,1315903.62
2026-02-26 14:43:16,394.2,393.66,394.62,88.45,104.18,56.65,52.54,21.02,0.93,49.97,1315903.75
2026-02-26 14:44:11,394.44,393.57,394.59,90.04,103.47,56.58,52.68,21.18,0.93,49.97,1315904.5
2026-02-26 14:44:18,394.25,393.7,394.74,95.08,103.45,56.61,54.01,21.14,0.93,49.97,1315904.62
2026-02-26 14:45:14,394.54,393.5,394.4,81.82,103.42,56.32,51.0,20.05,0.93,49.98,1315905.5
2026-02-26 14:45:21,394.62,393.59,394.82,81.87,103.22,56.61,51.04,20.1,0.93,49.98,1315905.5
2026-02-26 14:46:17,394.22,393.42,394.65,88.8,103.2,56.91,52.46,20.96,0.93,49.96,1315906.38
2026-02-26 14:46:24,393.66,392.82,394.55,88.57,103.08,56.94,52.39,20.9,0.93,49.96,1315906.38
2026-02-26 14:47:20,394.68,393.43,394.41,76.43,102.78,63.56,51.16,20.46,0.93,49.99,1315907.25
2026-02-26 14:47:27,394.65,393.23,394.44,76.04,102.65,63.22,50.99,20.46,0.93,49.99,1315907.38
2026-02-26 14:48:23,395.94,394.6,395.56,75.64,102.67,66.63,51.79,20.54,0.93,50.03,1315908.12
2026-02-26 14:48:29,395.58,394.47,395.47,75.4,102.5,63.09,50.89,20.55,0.93,50.03,1315908.25
2026-02-26 14:49:25,395.73,394.44,395.32,67.95,102.5,63.47,49.11,20.67,0.92,49.96,1315909.0
2026-02-26 14:49:32,395.15,394.09,394.98,83.53,102.2,63.42,51.25,24.24,0.92,49.96,1315909.12
2026-02-26 14:50:16,395.56,394.46,395.35,81.78,104.99,63.76,52.71,21.87,0.92,49.96,1315909.75
2026-02-26 14:50:35,395.77,394.79,395.71,81.01,107.6,63.79,53.23,21.83,0.92,50.0,1315910.0
2026-02-26 14:51:19,396.09,395.25,396.08,91.73,106.28,63.86,55.15,22.72,0.92,50.04,1315910.62
2026-02-26 14:51:38,407.01,406.56,407.49,93.05,105.36,64.6,56.09,25.77,0.91,50.01,1315911.0
2026-02-26 14:52:26,407.69,406.7,407.73,78.96,104.41,64.02,52.56,24.82,0.9,49.96,1315911.62
2026-02-26 14:52:40,1315911.88,406.68,933380947968.0,0.0,104.33,0.0,0.0,407.61,0.9,406.75,78.83
2026-02-26 14:53:28,402.25,401.42,402.55,78.45,104.14,55.83,50.4,22.61,0.91,49.97,1315912.62
2026-02-26 14:53:52,401.7,401.22,402.14,401.78,401.22,90.63,53.7,62.51,0.92,23.53,1315913.0
2026-02-26 14:53:55,103.71,58.89,402.14,23.43,103.6,49.99,54.58,933456183296.0,0.92,0.0,1315913.0
2026-02-26 14:54:55,398.2,397.33,398.52,80.99,104.81,104.81,50.97,21.75,21.75,49.96,1315913.88
2026-02-26 14:55:00,398.23,397.29,398.24,81.01,104.97,58.62,51.68,21.71,0.92,49.96,1315913.88
2026-02-26 14:55:58,394.54,393.98,394.92,80.83,106.07,62.01,52.38,20.85,0.93,49.96,1315914.75
2026-02-26 14:56:03,394.68,394.01,395.02,80.37,106.08,58.05,51.46,20.86,0.93,49.95,1315914.75
2026-02-26 14:57:00,394.86,394.14,395.19,79.21,103.56,55.75,50.08,20.86,0.92,49.97,1315915.62
2026-02-26 14:57:05,394.91,394.11,395.14,79.26,103.48,59.29,50.93,20.84,0.92,49.97,1315915.75
2026-02-26 14:58:03,395.18,393.88,394.94,66.69,105.46,57.94,48.4,19.86,0.92,49.97,1315916.5
2026-02-26 14:58:08,394.99,393.79,395.0,66.6,105.44,58.07,48.4,19.9,0.92,49.96,1315916.5
2026-02-26 14:59:06,394.88,393.98,395.08,76.99,104.85,57.91,50.43,20.68,0.92,49.98,1315917.25
2026-02-26 14:59:11,395.03,394.1,395.2,77.58,104.62,58.01,50.62,20.72,0.92,49.99,1315917.5
2026-02-26 15:00:09,395.59,394.12,395.54,65.74,104.75,55.31,47.42,19.98,0.92,50.0,1315918.25
2026-02-26 15:00:14,395.45,394.22,395.15,65.53,104.83,57.97,48.0,19.88,0.92,50.0,1315918.38
2026-02-26 15:01:11,395.58,394.29,395.55,67.42,103.14,55.41,47.43,19.95,0.92,50.02,1315919.0
2026-02-26 15:01:16,395.34,394.17,395.67,67.13,103.19,55.11,47.3,20.02,0.92,50.01,1315919.12
2026-02-26 15:02:14,395.59,394.41,395.4,66.48,103.02,55.39,47.13,19.99,0.92,49.96,1315919.88
2026-02-26 15:02:19,395.43,394.35,395.42,66.52,102.95,55.34,47.08,19.97,0.92,49.96,1315920.0
2026-02-26 15:03:17,395.51,394.34,395.55,66.09,104.07,58.17,48.0,20.07,0.92,395.73,395.67
2026-02-26 15:03:24,395.87,394.87,395.83,66.01,104.26,58.15,48.02,20.11,0.92,49.97,1315920.75
2026-02-26 15:04:19,394.81,91.89,103.96,55.78,52.89,55.78,0.92,49.99,0.92,934071566336.0,1315921.5
2026-02-26 15:04:31,395.36,394.84,395.86,80.71,104.33,58.43,51.28,21.23,0.92,50.02,1315921.75
2026-02-26 15:05:22,395.52,394.84,395.76,81.3,104.3,55.49,50.69,21.17,0.92,49.98,1315922.38
2026-02-26 15:05:34,395.39,394.6,395.56,81.06,104.46,55.55,50.71,21.17,0.92,49.99,1315922.75
2026-02-26 15:06:25,395.81,395.08,396.22,81.37,105.36,57.97,51.63,21.3,0.92,49.99,1315923.38
2026-02-26 15:06:37,395.49,395.11,396.29,92.64,104.95,55.85,53.38,22.2,0.92,49.97,1315923.62
2026-02-26 15:07:28,396.01,395.19,396.37,81.73,104.54,55.79,50.96,21.19,0.92,50.03,1315924.25
2026-02-26 15:07:40,395.69,394.83,396.02,81.75,104.37,55.31,50.81,21.19,0.92,50.02,1315924.5
2026-02-26 15:08:31,396.28,80.73,396.28,55.05,50.49,55.05,0.92,21.16,1315925.12,49.96,934326632448.0
2026-02-26 15:08:43,395.37,394.42,395.7,80.38,104.04,55.4,50.33,21.14,0.92,49.96,1315925.38
2026-02-26 15:09:33,395.9,395.33,396.24,66.89,103.69,55.23,47.39,20.24,0.92,49.96,1315926.0
2026-02-26 15:09:46,395.88,394.74,395.8,66.72,103.91,55.31,47.41,20.05,0.92,49.98,1315926.25
2026-02-26 15:10:36,395.53,394.55,395.54,67.44,103.19,53.41,46.92,20.04,0.92,49.98,1315926.88
2026-02-26 15:10:48,395.75,394.61,395.46,67.36,103.05,53.63,46.92,20.07,0.92,49.98,1315927.0
2026-02-26 15:11:39,395.51,394.26,395.41,67.31,103.35,53.64,50.5,23.68,0.91,49.96,1315927.62
2026-02-26 15:11:51,394.98,394.18,395.2,78.15,103.74,53.85,49.39,20.87,0.92,49.95,1315927.75
2026-02-26 15:12:42,395.18,394.14,395.08,67.01,103.17,56.83,47.65,20.0,0.92,50.01,1315928.62
2026-02-26 15:12:54,395.5,394.3,395.46,66.88,103.31,53.39,46.79,19.97,0.92,50.02,1315928.75
2026-02-26 15:13:45,395.38,394.52,395.55,78.16,103.06,53.39,49.19,20.85,0.92,50.01,1315929.38
2026-02-26 15:13:57,394.97,394.39,395.09,80.39,103.18,53.48,49.69,21.04,0.92,50.03,1315929.5
2026-02-26 15:14:48,394.91,394.13,395.24,80.81,103.61,57.14,50.79,20.96,0.92,50.01,1315930.25
2026-02-26 15:15:00,394.91,394.05,395.29,81.08,103.64,53.85,50.03,21.03,0.92,50.0,1315930.38
2026-02-26 15:15:50,395.2,394.34,395.35,80.6,107.0,53.79,50.77,21.06,0.92,50.04,1315931.12
2026-03-06 14:46:49,392.48,392.83,393.27,392.22,87.34,393.47,53.95,87.23,0.92,53.95,1324686.38
2026-03-06 14:47:51,391.52,392.7,392.94,117.0,87.32,62.08,55.75,22.43,0.92,50.03,1324687.25
2026-03-06 14:47:54,390.7,391.75,392.49,117.08,87.07,58.82,54.88,22.29,0.92,50.03,1324687.38
2026-03-06 14:48:54,391.3,392.39,393.09,108.24,87.81,58.55,53.09,21.97,0.92,49.98,1324688.25
2026-03-06 14:48:57,391.48,391.93,392.64,108.43,87.76,58.12,53.01,21.87,0.92,49.98,1324688.25
2026-03-06 14:49:58,391.84,392.62,393.07,109.28,89.3,66.59,55.71,21.91,0.0,50.02,1324689.12
2026-03-06 14:50:05,391.6,392.14,392.95,109.82,88.66,58.6,53.71,21.94,0.92,50.03,1324689.25
2026-03-06 14:51:12,391.85,392.05,392.73,104.27,89.62,59.1,52.69,22.0,0.92,49.98,1324690.25
2026-03-06 14:52:03,0.0,0.0,0.0,105.85,391.77,59.01,392.29,105.89,59.01,53.37,1324691.12
2026-03-06 14:52:25,391.3,391.78,392.52,105.55,90.47,58.81,53.08,21.94,0.92,50.02,1324691.5
2026-03-06 14:53:07,396.14,0.0,397.85,115.42,97.75,58.03,56.77,24.9,0.91,50.01,1324692.12
2026-03-06 14:53:37,397.34,397.5,398.68,103.82,96.89,57.64,53.9,24.19,0.91,50.0,1324692.5
2026-03-06 14:54:10,102.43,397.76,57.22,53.44,24.17,57.22,0.91,1324693.0,0.91,-0.0,1324693.0
2026-03-06 14:54:40,397.66,397.45,398.74,102.46,96.53,48.21,51.2,24.03,0.9,50.03,1324693.38
2026-03-06 14:55:13,397.58,397.67,398.82,102.89,97.16,48.2,51.44,24.08,0.9,49.99,1324693.88
2026-03-06 14:55:43,397.07,397.51,398.58,113.94,97.41,56.29,55.71,25.48,0.91,49.97,1324694.25
2026-03-06 14:56:16,397.67,397.83,398.77,102.27,98.14,55.11,53.13,24.54,0.91,49.99,1324694.75
2026-03-06 14:56:46,397.93,398.04,398.87,102.04,98.04,54.85,53.02,24.6,0.9,50.01,1324695.25
2026-03-06 14:57:18,397.95,397.94,398.91,101.6,98.17,60.8,54.41,24.71,0.91,49.99,1324695.75
2026-03-06 14:57:48,397.68,397.75,398.61,102.23,98.35,55.22,53.17,24.61,0.91,49.97,1324696.25
2026-03-06 14:58:21,397.54,397.6,398.64,115.84,98.32,55.82,56.28,25.49,0.91,49.99,1324696.75
2026-03-06 14:58:51,397.76,397.92,398.59,104.98,100.85,63.87,56.75,24.45,0.92,50.01,1324697.25
2026-03-06 14:59:24,397.9,398.1,399.27,106.07,98.25,48.91,52.74,24.14,0.91,50.02,1324697.75
2026-03-06 14:59:54,398.14,398.15,399.33,106.25,98.6,54.19,54.22,24.12,0.91,50.04,1324698.12
2026-03-06 15:00:27,397.96,398.2,399.32,104.38,97.43,53.73,53.49,23.76,0.91,50.04,1324698.62
2026-03-06 15:00:57,397.89,398.33,399.24,115.08,95.82,53.7,55.48,24.5,0.91,50.04,1324699.0
2026-03-06 15:01:29,397.96,398.3,399.08,103.49,95.83,61.75,54.47,23.72,0.91,50.02,1324699.5
2026-03-06 15:01:59,398.29,398.51,399.34,103.46,96.53,62.43,55.32,23.78,0.91,50.04,1324700.0
2026-03-06 15:02:32,398.17,398.48,399.5,103.72,96.54,55.34,53.6,23.72,0.91,50.02,1324700.5
2026-03-06 15:03:02,397.98,398.17,399.22,103.11,96.1,55.13,53.28,23.64,0.91,50.01,1324700.88
2026-03-06 15:03:35,397.11,397.66,398.41,118.2,96.57,63.77,58.82,24.36,0.92,49.96,1324701.5
2026-03-06 15:04:05,397.56,397.79,398.27,106.51,96.63,71.51,57.84,24.6,0.92,49.97,1324702.0
2026-03-06 15:04:38,397.45,397.78,398.42,106.53,96.79,72.07,58.01,24.76,0.92,49.99,1324702.5
2026-03-06 15:05:08,397.54,397.51,398.25,107.13,96.91,71.65,58.04,24.68,0.92,49.98,1324703.0
2026-03-06 15:05:40,397.81,397.98,398.31,102.43,97.29,75.92,58.13,24.58,0.92,50.02,1324703.5
2026-03-06 15:06:10,397.76,398.23,398.63,113.33,96.9,71.78,59.4,25.56,0.92,50.02,1324704.0
2026-03-06 15:06:43,397.97,398.04,398.52,101.13,96.32,71.18,56.41,24.62,0.91,50.03,1324704.5
2026-03-06 15:07:13,397.76,397.89,398.47,101.32,95.64,71.04,56.26,24.57,0.91,49.99,1324705.0
2026-03-06 15:07:46,397.68,397.63,398.1,100.81,98.02,77.01,58.2,24.59,0.92,49.98,1324705.5
2026-03-06 15:08:16,398.15,398.29,398.83,101.72,95.73,74.4,57.23,24.7,0.92,50.01,1324706.0
2026-03-06 15:08:49,397.73,397.95,398.76,114.29,95.73,71.68,59.31,25.59,0.92,50.02,1324706.5
2026-03-06 15:09:19,392.78,392.91,393.64,102.3,95.64,71.91,56.37,23.53,0.92,49.98,1324707.0
2026-03-06 15:09:51,393.01,393.38,393.47,102.45,84.9,71.51,54.03,22.59,0.92,49.96,1324707.5
2026-03-06 15:10:21,393.35,393.63,393.96,101.45,84.66,71.45,53.78,22.6,0.92,50.0,1324708.0
2026-03-06 15:10:54,393.54,393.31,393.8,87.38,84.37,71.25,50.63,21.61,0.92,50.0,1324708.38
2026-03-06 15:11:24,393.14,393.41,393.79,99.12,84.01,70.74,52.97,22.34,0.92,50.04,1324708.88
2026-03-06 15:11:57,393.33,393.45,393.6,87.11,83.75,70.34,50.22,21.47,0.92,50.02,1324709.25
2026-03-06 15:12:27,393.19,393.46,393.74,87.15,84.11,70.29,50.3,21.51,0.92,50.0,1324709.75
2026-03-06 15:13:00,393.28,393.48,393.74,87.55,84.32,70.59,50.48,21.49,0.92,49.98,1324710.12
2026-03-06 15:13:30,393.37,393.96,394.08,98.23,84.07,70.79,52.73,22.47,0.92,49.99,1324710.62
2026-03-06 15:14:03,392.86,394.0,394.01,114.32,84.12,79.97,58.58,23.45,0.92,49.99,1324711.12
2026-03-06 15:14:33,393.05,393.42,393.84,102.4,96.05,76.04,57.43,23.79,0.92,49.97,1324711.5
2026-03-06 15:15:05,392.92,393.3,393.78,103.37,94.77,73.0,56.64,23.65,0.92,49.98,1324712.12
2026-03-06 15:15:36,392.66,392.89,393.49,103.56,94.22,72.67,56.49,23.6,0.92,50.01,1324712.62
2026-03-06 15:16:08,392.99,392.9,393.46,104.1,93.55,71.64,56.19,23.47,0.92,50.01,1324713.12
2026-03-06 15:16:39,392.39,392.99,393.62,116.02,93.79,72.11,58.97,24.33,0.92,50.0,1324713.62
2026-03-06 15:17:11,392.94,393.48,393.73,103.87,94.27,72.34,56.5,23.57,0.92,50.0,1324714.12
2026-03-06 15:17:41,392.8,393.32,393.54,103.76,94.34,72.04,56.41,23.41,0.92,49.99,1324714.62
2026-03-06 15:18:14,393.25,393.49,394.49,103.88,94.37,56.39,53.1,22.59,0.92,49.99,1324715.0
2026-03-06 15:18:44,393.07,393.45,394.31,103.35,94.48,56.46,52.98,22.54,0.92,49.98,1324715.5
2026-03-06 15:19:16,392.26,393.3,393.96,115.57,93.83,56.5,55.54,23.4,0.92,50.0,1324716.0
2026-03-06 15:19:47,393.05,393.29,394.18,102.54,93.79,56.42,52.64,22.45,0.92,50.02,1324716.38
2026-03-06 15:20:19,392.89,393.59,394.33,104.24,94.04,56.83,53.16,22.6,0.92,49.99,1324716.88
2026-03-06 15:20:50,393.1,393.16,393.86,103.27,95.73,69.39,55.93,23.7,0.92,49.98,1324717.5
2026-03-06 15:21:22,393.24,393.59,393.97,103.35,95.85,69.84,56.13,23.73,0.92,49.99,1324718.0
2026-03-06 15:21:52,392.28,393.14,393.66,116.93,93.99,69.91,58.55,24.71,0.92,49.99,1324718.38
2026-03-06 15:22:25,393.24,393.64,394.18,105.39,85.87,69.23,54.36,22.89,0.92,49.98,1324718.88
2026-03-06 15:22:55,392.67,393.09,393.95,105.73,85.75,57.31,51.94,21.67,0.92,49.97,1324719.38
2026-03-06 15:23:27,393.41,393.87,394.36,103.77,85.64,56.7,51.39,21.64,0.92,50.01,1324719.75
2026-03-06 15:23:58,393.42,393.85,394.3,103.32,85.43,56.73,51.22,21.62,0.92,49.99,1324720.25
2026-03-06 15:24:30,392.87,393.7,393.89,116.82,85.85,59.44,54.86,22.48,0.92,49.99,1324720.75
2026-03-06 15:25:01,392.41,393.3,393.65,103.55,85.82,59.93,52.13,21.64,0.92,50.0,1324721.12
2026-03-06 15:25:33,393.45,393.44,394.58,89.73,85.78,56.61,48.36,20.83,0.92,50.0,1324721.62
2026-03-06 15:26:04,393.34,393.37,393.87,89.5,85.15,59.94,48.28,20.8,0.92,49.99,1324722.0
2026-03-06 15:26:36,393.28,393.03,394.11,89.43,93.7,56.67,49.74,21.75,0.91,49.98,1324722.38
2026-03-06 15:27:06,392.8,393.52,394.16,101.51,94.79,56.64,52.63,22.57,0.92,49.96,1324723.0
2026-03-06 15:27:38,394.1,394.01,394.75,90.56,94.61,56.79,50.39,21.74,0.92,50.02,1324723.38
2026-03-06 15:28:09,393.47,393.82,394.45,101.14,93.08,56.88,52.19,22.62,0.91,50.03,1324723.88
2026-03-06 15:28:41,392.99,393.35,394.04,103.4,92.93,56.57,52.56,22.65,0.91,50.02,1324724.25
2026-03-06 15:29:12,393.32,393.68,394.55,101.66,93.26,56.22,52.19,22.69,0.91,50.02,1324724.75
2026-03-06 15:29:44,393.3,394.1,394.85,114.72,93.37,56.08,54.98,23.63,0.92,50.0,1324725.12
2026-03-06 15:30:15,393.43,393.73,394.64,101.06,93.74,55.61,52.03,22.78,0.91,49.99,1324725.62
2026-03-06 15:30:47,393.82,393.71,394.62,101.47,93.49,55.92,52.15,22.78,0.91,50.02,1324726.12
2026-03-06 15:31:17,393.6,393.94,394.61,102.31,93.72,63.95,54.13,23.39,0.92,50.0,1324726.5
2026-03-06 15:31:50,393.59,394.03,394.18,101.15,93.92,67.19,54.61,23.43,0.92,50.01,1324727.0
2026-03-06 15:32:20,393.55,394.05,394.36,113.14,92.15,62.57,55.66,24.18,0.91,50.01,1324727.5
2026-03-06 15:32:52,393.73,394.34,394.66,100.46,92.04,62.59,52.96,23.3,0.91,50.01,1324727.88
2026-03-06 15:33:23,393.34,393.98,394.45,99.58,91.63,62.2,52.52,23.2,0.91,50.0,1324728.5
2026-03-06 15:33:55,393.62,393.75,394.62,91.54,92.12,62.56,51.23,22.15,0.91,50.03,1324728.88
2026-03-06 15:34:26,394.16,394.28,394.77,90.7,92.25,62.9,51.14,22.21,0.91,50.04,1324729.38
2026-03-06 15:34:58,393.26,393.62,394.29,104.16,92.28,62.43,53.89,23.05,0.92,50.0,1324729.88
2026-03-06 15:35:28,392.92,393.1,393.52,90.33,91.85,62.04,50.68,22.01,0.91,50.01,1324730.25
2026-03-06 15:36:01,393.33,393.37,393.91,85.77,91.7,61.93,49.52,22.01,0.91,50.02,1324730.62
2026-03-06 15:36:31,392.95,393.12,393.68,85.56,91.87,65.53,50.4,22.1,0.91,50.0,1324731.12
2026-03-06 15:37:03,393.64,393.65,394.21,85.08,91.63,61.72,49.33,22.11,0.91,50.02,1324731.5
2026-03-06 15:37:34,393.32,393.59,394.0,97.23,91.6,61.61,51.88,22.9,0.91,49.99,1324732.0
2026-03-06 15:38:06,393.41,393.21,393.82,85.62,91.46,61.45,49.29,22.07,0.91,50.0,1324732.38
2026-03-06 15:38:37,393.8,393.68,394.34,86.9,91.44,61.95,49.78,22.11,0.91,50.03,1324732.75
2026-03-06 15:39:09,393.82,393.91,394.24,86.65,84.05,61.4,48.19,21.18,0.91,50.0,1324733.25
2026-03-06 15:39:40,393.75,393.92,394.25,87.2,83.71,61.35,48.3,20.84,0.92,49.98,1324733.75
2026-03-06 15:40:12,393.41,393.94,394.14,98.83,83.33,59.69,50.37,21.5,0.92,50.0,1324734.25
2026-03-06 15:40:43,393.68,393.74,394.17,86.24,83.6,60.35,47.96,20.58,0.92,49.97,1324734.62
2026-03-06 15:41:15,393.41,393.85,394.36,98.24,83.63,56.01,49.4,21.66,0.91,49.97,1324735.0
2026-03-06 15:41:45,393.4,394.08,394.48,98.86,83.45,55.2,49.35,21.51,0.91,50.01,1324735.5
2026-03-06 15:42:18,392.87,393.57,394.18,98.35,83.4,54.84,49.16,21.59,0.91,50.01,1324735.88
2026-03-06 15:42:48,392.98,393.62,394.38,110.84,85.37,50.44,51.17,22.5,0.91,49.97,1324736.25
2026-03-06 15:43:21,393.44,393.7,394.4,98.79,85.61,50.15,48.54,21.54,0.91,49.99,1324736.75
2026-03-06 15:43:51,393.46,393.9,394.7,97.75,92.0,56.44,51.04,22.57,0.91,50.01,1324737.12
2026-03-06 15:44:24,393.66,394.04,394.73,98.09,91.16,59.98,51.78,22.68,0.91,50.02,1324737.62
2026-03-06 15:44:54,393.58,393.58,394.24,98.22,90.76,59.41,51.49,22.61,0.91,49.97,1324738.0
2026-03-06 15:45:27,393.1,393.43,393.93,109.97,90.24,59.59,53.98,23.54,0.91,49.97,1324738.5
2026-03-06 15:45:57,393.7,393.87,394.4,96.94,90.74,59.07,51.09,22.55,0.91,49.97,1324739.0
2026-03-06 15:46:30,393.57,394.02,394.64,97.7,90.69,59.45,51.36,22.57,0.91,50.0,1324739.5
2026-03-06 15:47:00,394.18,394.23,394.77,97.81,92.37,59.22,51.84,22.54,0.91,50.04,1324739.88
2026-03-06 15:47:32,394.03,393.92,394.89,97.6,92.38,59.13,51.84,22.52,0.91,50.04,1324740.38
2026-03-06 15:48:02,393.34,394.0,394.79,109.37,90.93,59.58,54.03,23.47,0.91,50.02,1324740.75
2026-03-06 15:48:35,393.47,393.47,394.46,84.8,91.01,59.07,48.64,21.58,0.91,50.02,1324741.25
2026-03-06 15:49:05,393.26,393.32,393.93,84.58,91.0,58.57,48.44,21.54,0.91,50.02,1324741.62
2026-03-06 15:49:38,393.22,393.17,393.57,84.65,91.35,59.05,48.69,21.47,0.91,50.04,1324742.12
2026-03-06 15:50:08,392.87,392.77,393.43,84.52,91.56,58.54,48.56,21.35,0.91,50.03,1324742.5
2026-03-06 15:50:41,392.76,392.8,393.56,96.74,90.32,62.13,52.15,22.38,0.92,50.02,1324742.88
2026-03-06 15:51:11,393.33,392.67,393.54,72.76,91.83,58.65,46.12,20.53,0.91,50.01,1324743.38
2026-03-06 15:51:43,393.25,392.77,393.56,72.34,88.8,58.43,45.28,20.42,0.91,49.99,1324743.75
2026-03-06 15:52:13,393.11,392.62,393.28,72.21,88.69,58.47,45.24,20.37,0.91,50.0,1324744.25
2026-03-06 15:52:46,393.92,394.13,394.12,71.88,70.82,59.6,41.91,18.63,0.91,49.99,1324744.62
2026-03-06 15:53:16,393.02,393.82,393.79,95.42,70.95,58.05,46.56,20.32,0.91,50.0,1324745.0
2026-03-06 15:53:49,393.66,393.77,394.13,84.09,70.92,58.07,44.14,19.53,0.91,50.03,1324745.38
2026-03-06 15:54:19,393.22,393.75,394.09,95.54,71.37,57.94,46.65,20.44,0.91,50.0,1324745.75
2026-03-06 15:54:52,393.0,394.09,394.16,99.08,72.09,57.94,47.19,20.64,0.91,50.0,1324746.12
2026-03-06 15:55:22,392.91,393.86,393.83,97.18,71.79,61.21,47.85,20.58,0.92,49.99,1324746.5
2026-03-06 15:55:54,393.06,394.01,393.77,109.19,70.94,64.09,50.87,21.61,0.92,49.99,1324747.0
2026-03-06 15:56:25,392.86,393.52,393.93,103.35,78.01,57.83,49.62,21.59,0.91,50.02,1324747.38
2026-03-06 15:56:57,392.67,393.78,394.09,103.27,78.8,57.88,49.79,21.61,0.91,50.04,1324747.75
2026-03-06 15:57:27,392.41,392.84,393.3,103.57,78.46,57.9,49.81,21.6,0.91,50.0,1324748.25
2026-03-06 15:58:00,392.21,392.86,393.35,104.13,89.8,58.33,52.29,22.58,0.91,49.98,1324748.62
2026-03-06 15:58:30,392.53,393.44,393.73,117.34,90.07,58.43,55.29,23.48,0.92,50.01,1324749.12
2026-03-06 15:59:03,392.84,393.38,394.07,112.79,90.51,58.63,54.66,22.66,0.92,50.0,1324749.75
2026-03-06 15:59:33,392.67,393.32,393.95,113.82,90.22,59.25,54.96,22.65,0.92,49.99,1324750.12
2026-03-06 16:00:06,392.97,393.27,393.88,100.47,90.6,58.81,52.18,21.65,0.92,50.03,1324750.62
2026-03-06 16:00:36,392.79,393.41,393.99,99.96,91.4,58.49,52.16,21.75,0.92,50.04,1324751.0
2026-03-06 16:01:08,392.53,393.13,393.68,112.77,91.15,64.0,56.45,22.59,0.92,50.03,1324751.5
2026-03-06 16:01:38,392.9,393.1,393.92,99.0,90.57,57.51,51.41,21.6,0.92,50.02,1324752.0
2026-03-06 16:02:11,392.98,393.32,393.93,98.91,90.06,62.3,52.47,21.63,0.92,50.01,1324752.38
2026-03-06 16:02:41,392.89,393.41,393.94,99.19,90.26,65.27,53.29,21.64,0.92,50.03,1324752.88
2026-03-06 16:03:14,392.51,392.91,393.61,99.47,90.19,62.27,52.6,21.63,0.92,50.0,1324753.38
2026-03-06 16:03:44,392.39,392.86,393.23,112.91,92.22,64.51,56.53,22.47,0.92,50.0,1324753.75
2026-03-06 16:04:17,392.65,392.62,393.57,99.17,92.48,57.46,51.93,21.63,0.92,49.99,1324754.25
2026-03-06 16:04:47,393.23,392.8,393.58,93.13,93.88,57.73,50.96,21.78,0.92,50.0,1324754.75
2026-03-06 16:05:19,393.02,393.0,393.47,94.24,93.25,63.55,52.36,21.93,0.92,49.98,1324755.25
2026-03-06 16:05:50,392.99,392.93,393.69,94.49,96.51,58.04,51.96,21.84,0.92,49.95,1324755.62
2026-03-06 16:06:22,392.29,392.77,393.25,108.64,92.66,58.22,54.03,22.72,0.92,49.96,1324756.12
2026-03-06 16:06:52,392.41,392.68,393.4,95.08,94.33,58.54,51.69,21.72,0.92,49.96,1324756.5
2026-03-06 16:07:25,392.59,393.25,393.65,104.64,85.49,57.11,51.62,21.52,0.92,49.96,1324757.0
2026-03-06 16:07:55,392.34,392.82,393.36,104.19,85.4,57.38,51.54,21.49,0.92,49.96,1324757.38
2026-03-06 16:08:28,392.48,392.71,393.27,103.98,86.14,57.43,51.64,21.64,0.92,49.98,1324757.88
2026-03-06 16:08:58,392.23,392.96,393.69,117.35,86.08,57.8,54.63,22.43,0.92,50.0,1324758.25
2026-03-06 16:09:30,392.7,393.35,393.61,104.04,85.37,58.08,51.68,21.54,0.92,50.03,1324758.75
2026-03-06 16:10:00,392.64,393.1,393.74,104.54,85.64,58.46,51.98,21.57,0.92,50.01,1324759.25
2026-03-06 16:10:33,392.78,393.28,393.48,105.21,85.66,70.35,54.53,22.83,0.92,49.96,1324759.62
2026-03-06 16:11:03,392.34,392.76,393.22,106.91,92.75,74.19,57.15,23.73,0.92,49.97,1324760.25
2026-03-06 16:11:36,393.38,393.77,394.39,107.18,93.68,70.33,56.64,23.84,0.92,50.01,1324760.75
2026-03-06 16:12:06,394.08,393.89,394.42,93.1,92.76,64.66,51.97,22.91,0.91,50.0,1324761.25
2026-03-06 16:12:39,393.9,393.57,394.84,92.18,92.59,52.69,49.22,21.77,0.91,49.99,1324761.62
2026-03-06 16:13:09,394.43,394.43,395.44,91.11,92.48,52.69,48.98,21.84,0.91,49.97,1324762.0
2026-03-06 16:13:42,394.07,394.3,394.94,89.63,83.21,52.25,46.87,20.64,0.91,49.96,1324762.5
2026-03-06 16:14:12,393.48,394.32,394.9,102.57,81.99,52.09,49.18,21.54,0.91,49.98,1324762.88
2026-03-06 16:14:44,393.91,394.21,394.43,88.3,81.84,56.37,47.07,20.54,0.91,49.99,1324763.25
2026-03-06 16:15:14,394.26,394.4,394.76,90.55,83.0,60.67,48.87,20.87,0.92,49.99,1324763.62
2026-03-06 16:15:47,394.3,394.52,395.19,90.7,83.89,54.09,47.56,20.84,0.91,49.99,1324764.12
2026-03-06 16:16:17,394.46,394.5,395.04,90.98,83.77,54.34,47.65,20.82,0.91,50.0,1324764.5
2026-03-06 16:16:50,393.4,394.15,394.62,104.29,82.5,54.14,50.13,21.64,0.91,50.01,1324764.88
2026-03-06 16:17:20,394.7,394.61,395.2,79.63,82.99,53.99,44.93,19.97,0.91,49.99,1324765.25
2026-03-06 16:17:53,394.44,394.51,394.97,79.68,82.03,54.38,44.86,19.87,0.91,49.98,1324765.88
2026-03-06 16:18:23,394.58,394.36,395.1,80.05,84.68,54.28,45.3,19.83,0.91,50.03,1324766.25
2026-03-06 16:18:55,394.39,394.61,395.13,79.99,84.01,53.94,45.33,19.84,0.91,50.01,1324766.62
2026-03-06 16:19:25,393.85,394.02,394.49,93.37,83.25,53.98,47.98,20.69,0.91,50.01,1324767.0
2026-03-06 16:19:58,394.4,394.32,395.07,80.01,83.02,53.91,45.06,19.84,0.91,50.01,1324767.38
2026-03-06 16:20:28,394.06,394.16,394.78,91.41,83.2,53.92,47.47,20.8,0.91,50.01,1324767.75
2026-03-06 16:21:01,394.67,395.11,395.34,91.68,82.18,66.14,49.92,21.95,0.91,50.01,1324768.25
2026-03-06 16:21:31,394.7,395.17,395.18,91.37,75.31,66.79,48.77,20.95,0.92,50.02,1324768.62
2026-03-06 16:22:04,394.37,395.34,395.31,105.05,75.27,66.12,51.5,21.87,0.92,50.01,1324769.0
2026-03-06 16:22:34,394.72,395.1,395.18,90.95,74.73,64.7,48.1,20.85,0.91,50.02,1324769.5
2026-03-06 16:23:06,395.25,395.68,395.75,91.23,75.25,64.39,48.29,20.9,0.91,50.02,1324769.88
2026-03-06 16:23:36,395.33,395.44,395.95,91.01,86.24,64.52,50.47,21.99,0.91,50.04,1324770.25
2026-03-06 16:24:09,395.21,395.3,395.66,91.07,87.18,65.36,50.94,21.89,0.92,50.03,1324770.88
2026-03-06 16:24:39,394.72,395.29,395.61,104.78,86.48,65.43,53.71,22.85,0.92,50.01,1324771.25
2026-03-06 16:25:12,395.18,395.31,395.96,91.88,86.18,60.48,49.67,21.95,0.91,50.0,1324771.75
2026-03-06 16:25:42,394.99,395.09,395.6,91.47,88.18,60.36,50.04,21.85,0.91,49.99,1324772.12
2026-03-06 16:26:15,395.33,395.23,395.86,91.16,89.72,60.09,50.35,21.85,0.92,50.0,1324772.62
2026-03-06 16:26:45,395.45,395.42,395.8,90.14,87.25,63.21,50.31,21.7,0.92,50.02,1324773.0
2026-03-06 16:27:17,394.71,395.14,395.68,99.98,85.61,62.74,49.98,21.93,0.91,50.01,1324773.5
2026-03-06 16:27:47,395.19,395.38,396.21,91.45,85.85,46.88,46.56,20.81,0.91,50.01,1324773.88
2026-03-06 16:28:20,395.38,395.83,396.19,91.32,75.55,47.67,44.69,19.7,0.91,50.02,1324774.25
2026-03-06 16:28:50,395.4,395.73,396.3,90.84,75.24,47.39,44.45,19.75,0.91,50.04,1324774.62
2026-03-06 16:29:23,395.84,396.11,396.51,89.58,74.95,46.98,43.99,19.7,0.91,50.03,1324775.0
2026-03-06 16:29:53,394.95,395.76,396.35,102.94,74.75,46.95,46.79,20.61,0.91,50.02,1324775.38
2026-03-06 16:30:26,394.57,395.05,395.57,77.87,74.87,46.87,41.37,18.75,0.91,50.0,1324775.75
2026-03-06 16:30:56,395.58,395.59,396.14,78.03,74.93,46.78,41.42,18.83,0.91,49.98,1324776.25
2026-03-06 16:31:29,395.69,395.66,396.27,78.13,74.6,46.64,41.35,18.77,0.91,50.0,1324776.62
2026-03-06 16:31:59,395.67,395.69,396.27,78.03,74.55,46.47,41.29,18.8,0.91,50.0,1324776.88
2026-03-06 16:32:31,396.27,396.31,396.9,78.86,74.54,46.76,41.53,18.98,0.91,49.98,1324777.38
2026-03-06 16:33:01,396.41,396.37,396.95,75.42,74.63,46.77,40.78,18.83,0.91,49.99,1324777.62
2026-03-06 16:33:34,394.56,394.91,395.45,86.96,75.82,46.84,43.43,19.59,0.91,50.0,1324778.0
2026-03-06 16:34:04,394.51,394.99,395.39,86.56,75.65,49.96,44.09,19.58,0.91,49.98,1324778.38
2026-03-06 16:34:37,395.93,396.03,396.51,83.23,75.47,46.87,42.55,19.63,0.91,49.97,1324778.75
2026-03-06 16:35:07,395.78,396.01,396.49,83.27,74.91,47.24,42.55,19.58,0.91,49.99,1324779.12
2026-03-06 16:35:40,395.73,396.1,396.5,83.26,74.61,47.18,42.42,19.57,0.91,50.01,1324779.5
2026-03-06 16:36:10,395.93,396.27,396.63,81.95,74.76,47.1,42.23,19.39,0.91,50.02,1324779.88
2026-03-06 16:36:42,395.85,395.9,396.57,81.64,83.26,48.25,43.79,20.53,0.9,50.0,1324780.25
2026-03-06 16:37:12,395.39,395.9,396.42,97.45,82.74,46.8,46.05,21.33,0.9,50.0,1324780.62
2026-03-06 16:37:45,395.62,395.6,396.39,83.16,85.62,46.94,44.63,20.57,0.91,49.97,1324781.0
2026-03-06 16:38:15,396.39,396.47,397.24,83.1,85.99,47.12,44.78,20.73,0.9,49.97,1324781.5
2026-03-06 16:38:48,396.31,396.23,396.98,83.11,86.22,49.86,45.54,20.67,0.91,50.0,1324781.88
2026-03-06 16:39:18,396.3,396.32,397.08,83.4,85.49,47.27,44.83,20.57,0.91,50.0,1324782.25
2026-03-06 16:39:51,396.2,396.55,397.29,94.95,85.55,47.33,47.46,21.46,0.91,50.01,1324782.62
2026-03-06 16:40:21,396.53,396.56,397.23,84.5,85.74,50.64,46.04,20.56,0.91,50.01,1324783.0
2026-03-06 16:40:53,396.8,396.78,397.6,84.53,85.8,47.24,45.21,20.62,0.91,50.04,1324783.5
2026-03-06 16:41:23,396.67,396.55,397.36,84.91,86.43,47.1,45.47,20.58,0.91,50.04,1324783.88
2026-03-06 16:41:56,396.96,396.9,397.67,84.46,85.65,47.18,45.15,20.65,0.91,50.02,1324784.25
2026-03-06 16:42:26,396.51,396.73,397.67,97.0,85.69,42.27,46.55,21.62,0.9,50.0,1324784.62
2026-03-06 16:42:59,396.33,396.35,397.24,85.5,85.51,45.25,44.83,20.62,0.91,50.04,1324785.0
2026-03-06 16:43:29,396.96,396.48,397.58,74.31,85.1,45.09,42.32,19.77,0.9,50.01,1324785.38
2026-03-06 16:44:02,397.18,396.89,397.9,74.01,82.03,41.27,40.43,19.84,0.89,50.03,1324785.75
2026-03-06 16:44:32,397.27,397.01,398.01,73.73,81.82,41.17,40.28,19.84,0.89,50.03,1324786.0
2026-03-06 16:45:05,397.48,397.02,398.04,71.73,84.74,40.92,40.67,19.46,0.9,50.02,1324786.38
2026-03-06 16:45:34,398.41,397.51,398.39,54.79,84.99,46.29,38.34,18.72,0.9,50.02,1324786.88
2026-03-06 16:46:07,398.15,397.3,398.05,55.24,84.86,49.31,38.79,18.81,0.9,50.0,1324787.25
2026-03-06 16:46:37,397.87,397.33,398.11,65.74,84.7,46.18,40.49,19.7,0.9,50.0,1324787.5
2026-03-06 16:47:10,398.46,397.83,398.61,65.61,86.64,46.52,41.13,23.36,0.88,50.04,1324787.88
2026-03-06 16:47:40,397.99,397.99,398.1,76.87,76.03,62.76,44.9,20.72,0.91,49.99,1324788.25
2026-03-06 16:48:13,398.49,398.19,398.34,65.34,75.79,59.24,41.43,19.97,0.9,49.99,1324788.62
2026-03-06 16:48:43,398.56,398.19,398.37,64.9,75.85,58.78,41.24,19.9,0.9,50.0,1324789.0
2026-03-06 16:49:16,398.74,398.39,398.62,65.35,74.37,58.56,40.87,20.05,0.9,49.99,1324789.38
2026-03-06 16:49:45,398.87,398.57,398.82,66.03,74.16,58.5,40.96,20.11,0.9,50.0,1324789.62
2026-03-06 16:50:18,398.55,398.6,398.71,77.82,74.19,58.94,43.68,20.98,0.9,50.0,1324790.0
2026-03-06 16:50:48,399.05,398.73,398.89,64.08,74.3,58.99,40.65,20.07,0.89,49.98,1324790.38
2026-03-06 16:51:21,399.03,398.72,398.99,64.18,76.54,59.52,41.46,19.99,0.9,50.01,1324790.75
2026-03-06 16:51:51,399.09,398.74,399.02,64.36,76.3,59.63,41.49,19.96,0.9,50.02,1324791.12
2026-03-06 16:52:24,399.48,399.17,399.18,62.75,75.59,64.3,42.12,19.98,0.9,50.04,1324791.5
2026-03-09 13:37:21,393.57,393.28,393.89,393.29,90.73,393.74,49.38,90.83,0.9,49.38,23.04
2026-03-09 13:38:24,394.26,394.06,394.53,80.06,90.14,64.08,48.19,22.65,0.9,50.03,1327542.75
2026-03-09 13:38:27,394.02,394.03,394.55,80.04,90.29,66.33,48.77,22.41,0.91,50.03,1327542.75
2026-03-09 13:39:26,393.75,393.61,394.28,84.49,393.79,60.94,394.28,82.28,0.91,92.51,60.9
2026-03-09 13:39:31,393.58,393.18,394.06,81.79,92.51,61.01,48.44,22.36,0.91,50.0,1327543.62
2026-03-09 13:40:29,393.9,393.74,394.42,81.99,90.62,61.2,48.01,22.42,0.9,49.99,1327544.5
2026-03-09 13:40:34,393.45,393.14,394.0,82.0,90.56,61.35,48.03,22.4,0.9,49.98,1327544.62
2026-03-09 13:41:32,393.39,393.3,393.41,81.0,91.0,66.72,49.21,22.47,0.91,49.98,1327545.38
2026-03-09 13:41:37,393.69,393.37,393.63,81.09,90.84,65.84,48.92,22.31,0.9,49.98,1327545.38
2026-03-09 13:42:35,393.76,393.45,394.01,87.26,90.43,61.17,49.11,22.73,0.9,50.04,1327546.25
2026-03-09 13:42:40,394.31,393.79,394.48,80.44,90.51,60.11,47.42,22.31,0.9,50.04,1327546.25
2026-03-09 13:43:37,394.54,394.28,394.97,78.77,91.24,59.43,47.08,22.36,0.9,50.05,1327547.0
2026-03-09 13:43:42,394.7,394.23,394.54,78.6,91.32,59.34,47.03,22.3,0.9,50.04,1327547.12
2026-03-09 13:44:40,394.27,394.04,394.45,80.37,91.69,59.57,47.48,22.64,0.9,50.02,1327547.88
2026-03-09 13:44:45,394.02,394.27,394.8,94.17,91.53,59.54,49.54,23.35,0.9,50.02,1327547.88
2026-03-09 13:45:43,394.33,393.99,394.93,80.62,91.44,59.47,47.5,22.6,0.9,50.01,1327548.62
2026-03-09 13:45:48,394.39,394.26,394.83,80.6,91.61,59.46,47.5,22.65,0.9,50.0,1327548.75
2026-03-09 13:46:46,394.09,393.54,394.49,79.97,91.65,59.26,47.26,22.6,0.9,49.98,1327549.62
2026-03-09 13:46:51,394.08,393.88,394.19,79.77,91.77,59.21,47.25,22.53,0.9,49.98,1327549.62
2026-03-09 13:47:48,393.49,393.83,394.54,80.58,91.66,59.35,47.44,22.6,0.9,49.97,1327550.38
2026-03-09 13:47:53,393.94,393.74,394.16,80.64,91.57,59.47,47.44,22.54,0.9,49.97,1327550.5
2026-03-09 13:48:51,393.9,393.69,394.42,80.29,92.41,59.16,47.49,22.62,0.9,50.02,1327551.25
2026-03-09 13:48:56,393.91,393.69,394.47,80.2,92.2,58.93,47.33,22.62,0.9,50.02,1327551.25
2026-03-09 13:49:54,394.86,394.54,395.29,80.12,92.34,58.94,47.34,22.85,0.9,49.99,1327552.0
2026-03-09 13:49:59,394.48,394.5,395.22,91.15,92.29,59.11,49.82,23.68,0.9,50.0,1327552.12
2026-03-09 13:50:57,394.54,2577062166528.0,395.02,0.0,0.0,-0.0,48.4,0.0,394.31,50.03,83.67
2026-03-09 13:51:05,394.43,394.32,395.11,87.23,92.14,59.81,49.26,22.82,0.9,50.01,1327553.0
2026-03-09 13:52:00,394.41,393.86,394.59,74.58,92.3,62.47,47.28,21.75,0.91,50.01,1327553.62
2026-03-09 13:52:08,394.47,393.8,394.57,74.44,92.12,62.25,47.16,21.71,0.91,50.02,1327553.75
2026-03-09 13:53:02,394.62,393.84,394.35,71.11,91.84,59.04,45.43,21.72,0.9,49.98,1327554.5
2026-03-09 13:53:11,394.21,393.69,394.44,71.13,91.65,59.11,45.4,21.73,0.9,49.98,1327554.75
2026-03-09 13:54:05,394.05,393.73,394.37,71.32,91.28,62.32,46.13,21.67,0.9,49.96,1327555.38
2026-03-09 13:54:14,394.23,393.69,394.32,71.29,91.47,62.9,46.34,21.71,0.9,49.96,1327555.5
2026-03-09 13:55:08,394.26,393.78,394.57,80.46,91.94,59.21,49.01,25.24,0.89,49.98,1327556.12
2026-03-09 13:55:16,394.02,393.73,394.27,92.13,95.87,59.21,50.92,23.53,0.91,49.99,1327556.25
2026-03-09 13:56:11,394.24,394.13,394.5,81.11,92.39,59.21,47.67,22.81,0.9,50.0,1327557.0
2026-03-09 13:56:19,394.28,394.04,394.63,81.55,92.26,59.48,47.82,22.78,0.9,50.0,1327557.12
2026-03-09 13:57:14,394.32,394.35,395.06,81.14,92.05,61.41,48.27,22.55,0.9,50.03,1327557.88
2026-03-09 13:57:22,394.37,394.15,394.66,81.53,92.04,60.71,48.17,22.45,0.9,50.0,1327558.0
2026-03-09 13:58:16,394.12,394.0,394.69,82.07,92.01,61.05,48.37,22.44,0.9,50.0,1327558.62
2026-03-09 13:58:25,393.95,393.81,394.66,81.95,91.92,61.11,48.31,22.38,0.9,50.0,1327558.75
2026-03-09 13:59:19,394.84,394.7,395.47,82.81,93.68,60.55,52.21,25.98,0.89,50.04,1327559.5
2026-03-09 13:59:28,394.18,394.01,395.06,95.88,105.73,60.38,54.28,24.39,0.91,50.02,1327559.62
2026-03-09 14:00:22,393.9,394.32,394.76,94.37,93.57,60.12,53.52,26.35,0.9,49.97,1327560.5
2026-03-09 14:00:30,393.69,394.13,394.54,105.63,93.63,60.15,53.6,24.21,0.91,49.97,1327560.62
2026-03-09 14:01:25,394.1,393.75,394.77,93.55,94.74,59.85,51.14,23.55,0.91,49.99,1327561.38
2026-03-09 14:01:33,394.22,393.93,395.17,91.79,96.76,59.59,51.32,23.29,0.91,50.01,1327561.5
2026-03-09 14:02:27,394.38,394.33,395.14,91.91,94.94,59.64,50.94,23.25,0.91,50.01,1327562.25
2026-03-09 14:02:36,394.15,394.23,395.08,91.84,94.89,59.49,50.88,23.2,0.91,50.01,1327562.38
2026-03-09 14:03:30,393.73,394.06,394.49,91.67,94.96,59.59,50.87,23.26,0.91,49.99,1327563.12
2026-03-09 14:03:39,393.97,394.17,394.78,91.78,95.18,59.53,50.92,23.22,0.91,49.99,1327563.25
2026-03-09 14:04:33,394.14,394.07,394.91,92.28,94.73,49.72,48.54,22.92,0.9,49.97,1327564.0
2026-03-09 14:04:42,394.1,394.28,394.88,91.68,94.67,49.84,48.47,22.92,0.9,50.01,1327564.12
2026-03-09 14:05:36,393.22,393.71,394.38,110.26,94.35,51.37,51.92,26.09,0.91,49.99,1327564.88
2026-03-09 14:05:44,393.22,393.65,394.44,103.26,92.98,52.62,51.04,23.55,0.91,49.98,1327565.0
2026-03-09 14:06:38,394.28,394.08,394.83,92.65,93.02,54.48,49.53,22.73,0.91,49.98,1327565.88
2026-03-09 14:06:47,394.36,394.28,395.39,92.0,92.84,50.86,48.35,22.7,0.9,49.99,1327565.88
2026-03-09 14:07:41,393.95,393.49,394.67,90.8,92.73,49.9,47.83,22.67,0.9,49.96,1327566.62
2026-03-09 14:07:50,393.88,393.62,394.6,90.81,92.94,49.98,47.91,22.72,0.9,49.96,1327566.75
2026-03-09 14:08:44,393.74,393.66,394.23,90.82,93.22,53.76,48.95,22.61,0.91,49.99,1327567.5
2026-03-09 14:08:53,393.73,394.09,395.02,89.95,93.09,50.33,47.88,22.69,0.9,50.0,1327567.62
2026-03-09 14:09:47,394.04,393.96,394.69,89.62,85.42,53.76,47.13,21.88,0.91,49.97,1327568.25
2026-03-09 14:09:55,393.85,393.93,394.81,89.85,85.37,50.06,46.32,21.73,0.9,49.98,1327568.38
2026-03-09 14:10:50,394.07,393.93,394.84,88.81,85.07,50.18,46.03,21.74,0.9,50.0,1327569.0
2026-03-09 14:10:58,394.59,394.16,394.99,77.05,83.37,49.44,43.03,20.55,0.9,50.03,1327569.12
2026-03-09 14:11:52,394.79,394.39,394.9,66.58,83.86,49.91,40.94,19.87,0.9,49.96,1327569.75
2026-03-09 14:12:01,394.82,394.35,395.03,66.7,83.63,49.93,40.94,19.87,0.9,49.96,1327569.88
2026-03-09 14:12:55,394.31,393.48,394.67,66.61,92.63,49.85,42.66,20.89,0.9,49.96,1327570.5
2026-03-09 14:13:04,394.15,393.44,394.81,66.74,92.53,49.98,42.72,20.76,0.9,49.96,1327570.75
2026-03-09 14:13:58,394.72,393.62,394.43,66.75,91.88,49.81,42.5,20.74,0.9,49.98,1327571.38
2026-03-09 14:14:06,394.32,393.58,394.39,66.75,91.83,51.6,42.89,20.68,0.9,49.98,1327571.5
2026-03-09 14:15:01,393.9,393.76,394.75,79.51,92.18,50.0,45.19,22.08,0.9,49.97,1327572.12
2026-03-09 14:15:09,394.17,393.75,394.92,79.14,92.25,50.1,45.15,22.19,0.9,49.96,1327572.25
2026-03-09 14:16:03,393.71,393.45,394.89,91.88,104.41,54.31,51.53,24.15,0.9,49.96,1327572.88
2026-03-09 14:16:12,394.1,393.51,394.62,91.09,104.09,50.1,50.13,24.12,0.9,49.95,1327573.0
2026-03-09 14:17:06,393.92,393.24,394.47,81.27,103.0,53.77,48.28,23.72,0.9,49.96,1327573.75
2026-03-09 14:17:15,394.35,393.89,394.79,81.21,102.86,54.92,48.82,23.64,0.9,49.96,1327573.88
2026-03-09 14:18:09,393.93,393.63,394.96,81.96,103.54,54.21,49.02,23.7,0.9,49.98,1327574.62
2026-03-09 14:18:17,393.98,393.38,394.54,81.72,103.49,53.99,48.89,23.63,0.9,49.98,1327574.75
2026-03-09 14:19:12,394.43,393.95,394.61,82.18,103.59,69.45,52.39,24.84,0.9,49.98,1327575.5
2026-03-09 14:19:20,394.05,393.54,394.51,82.59,103.7,69.52,52.5,24.8,0.9,49.98,1327575.62
2026-03-09 14:20:15,394.43,394.2,394.71,84.39,96.53,70.46,51.83,23.95,0.91,49.96,1327576.5
2026-03-09 14:20:23,394.04,393.66,394.28,83.97,96.36,69.78,51.54,23.88,0.91,49.96,1327576.62
2026-03-09 14:21:17,393.45,393.95,394.22,100.67,95.52,68.15,54.65,24.6,0.91,49.96,1327577.38
2026-03-09 14:21:26,393.83,394.01,394.38,100.46,98.83,68.17,55.5,24.73,0.91,49.96,1327577.5
2026-03-09 14:22:20,394.15,394.07,394.32,88.66,95.29,67.75,51.95,23.71,0.91,49.98,1327578.25
2026-03-09 14:22:29,393.9,393.17,394.22,83.76,95.43,68.0,50.84,23.77,0.9,49.96,1327578.38
2026-03-09 14:23:23,394.21,393.46,394.42,85.11,106.17,69.88,53.83,24.83,0.91,49.97,1327579.12
2026-03-09 14:23:31,394.04,393.06,394.25,85.58,106.35,70.3,54.08,24.74,0.91,49.99,1327579.25
2026-03-09 14:24:25,393.64,393.72,394.5,93.99,105.75,71.2,56.19,24.8,0.91,49.99,1327580.12
2026-03-09 14:24:34,394.09,393.81,394.62,93.83,105.88,71.41,56.27,24.81,0.91,50.0,1327580.25
2026-03-09 14:25:28,393.84,393.38,394.04,93.42,106.77,70.8,56.23,24.7,0.91,49.97,1327581.12
2026-03-09 14:25:37,393.37,393.23,393.99,93.69,106.69,74.37,57.18,24.66,0.92,49.97,1327581.25
2026-03-09 14:26:31,393.14,393.14,393.82,103.14,104.14,69.23,57.19,25.38,0.91,49.99,1327582.12
2026-03-09 14:26:40,393.15,393.14,394.07,105.66,104.46,69.53,57.92,25.62,0.91,49.97,1327582.25
2026-03-09 14:27:34,393.83,393.64,394.44,94.18,105.17,71.1,56.13,24.67,0.91,50.04,1327583.12
2026-03-09 14:27:42,394.03,393.68,394.44,94.06,104.8,70.44,55.84,24.69,0.91,50.04,1327583.25
2026-03-09 14:28:37,392.72,392.36,393.15,89.99,103.67,68.98,54.16,24.47,0.91,49.97,1327584.0
2026-03-09 14:28:45,392.82,392.35,392.96,89.24,104.0,69.8,54.27,24.37,0.91,49.99,1327584.12
2026-03-09 14:29:39,393.36,392.91,393.95,90.12,103.79,68.73,54.24,24.42,0.91,50.03,1327585.0
2026-03-09 14:29:48,393.33,392.89,393.38,77.19,104.3,72.14,52.48,23.38,0.91,50.02,1327585.12
2026-03-09 14:30:42,394.31,393.55,394.03,69.48,104.23,67.84,49.51,23.46,0.9,50.03,1327585.88
2026-03-09 14:30:51,393.92,393.01,394.01,69.62,107.7,67.38,50.35,23.49,0.91,50.04,1327586.0
2026-03-09 14:31:45,393.92,393.55,393.87,78.18,95.54,80.77,52.51,24.24,0.91,50.04,1327586.88
2026-03-09 14:31:53,394.33,393.91,394.0,80.42,95.43,81.31,53.05,24.38,0.91,50.04,1327587.0
2026-03-09 14:32:48,394.32,393.44,393.83,68.36,95.45,79.59,50.06,23.43,0.9,50.01,1327587.75
2026-03-09 14:32:56,394.54,393.64,394.25,68.43,95.64,79.65,50.1,23.51,0.9,50.0,1327587.88
2026-03-09 14:33:50,394.32,393.39,394.28,69.18,95.82,67.09,47.73,22.28,0.9,50.05,1327588.5
2026-03-09 14:33:59,394.19,393.38,394.09,69.01,95.71,67.36,47.72,22.24,0.9,50.04,1327588.62
2026-03-09 14:34:53,394.55,393.9,394.77,68.31,103.04,66.03,48.6,23.4,0.9,50.04,1327589.38
2026-03-09 14:35:02,395.13,394.29,395.22,68.21,102.68,66.38,48.6,23.47,0.9,50.05,1327589.5
2026-03-09 14:35:56,394.24,393.65,394.64,68.44,102.01,66.35,48.41,23.42,0.9,50.01,1327590.25
2026-03-09 14:36:04,394.35,393.58,394.35,68.5,105.63,66.51,49.25,23.4,0.9,50.02,1327590.38
2026-03-09 14:36:59,393.38,393.0,393.95,81.96,102.35,66.83,51.49,24.0,0.9,50.04,1327591.12
2026-03-09 14:37:07,394.43,393.76,394.4,68.79,102.61,66.96,48.81,23.43,0.9,50.04,1327591.25
2026-03-09 14:38:02,394.37,393.6,394.65,71.99,103.57,53.54,46.94,22.51,0.9,50.03,1327591.88
2026-03-09 14:38:10,394.72,393.67,394.75,71.93,103.6,54.55,47.06,22.66,0.9,50.01,1327592.12
2026-03-09 14:39:04,394.6,393.54,394.98,71.93,103.02,54.82,49.64,26.02,0.88,50.0,1327592.88
2026-03-09 14:39:13,394.56,394.43,395.33,83.37,103.33,55.18,49.78,23.3,0.9,50.02,1327592.88
2026-03-09 14:40:07,394.95,394.11,395.27,68.11,102.96,53.66,45.91,22.39,0.9,50.0,1327593.62
2026-03-09 14:40:15,394.86,393.91,395.13,67.93,103.07,55.87,46.42,22.39,0.9,49.97,1327593.75
2026-03-09 14:41:10,394.63,393.65,394.79,67.03,103.44,52.65,45.47,22.35,0.9,49.96,1327594.38
2026-03-09 14:41:18,394.33,393.43,394.6,66.9,103.32,52.64,45.41,22.33,0.9,49.97,1327594.5
2026-03-09 14:42:13,394.61,393.84,395.0,67.39,104.62,52.49,45.87,22.32,0.9,49.99,1327595.25
2026-03-09 14:42:21,394.73,393.75,395.1,67.76,105.04,52.61,46.09,22.34,0.9,50.0,1327595.38
2026-03-09 14:43:15,394.04,393.2,394.6,68.47,103.45,52.88,45.95,22.23,0.9,50.04,1327596.0
2026-03-09 14:43:24,394.12,393.41,394.64,68.43,103.55,53.05,45.98,22.26,0.9,50.03,1327596.12
2026-03-09 14:44:18,394.14,393.52,394.9,80.37,104.56,50.37,48.18,23.05,0.9,50.02,1327596.75
2026-03-09 14:44:27,394.02,393.28,394.68,79.66,105.99,50.25,48.38,22.99,0.9,50.02,1327596.88
2026-03-09 14:45:21,394.62,394.0,395.19,68.58,105.12,49.1,45.43,22.38,0.9,50.02,1327597.75
2026-03-09 14:45:29,394.21,393.59,394.88,68.67,105.17,49.22,45.46,22.32,0.9,50.02,1327597.75
2026-03-09 14:46:24,394.38,393.54,394.63,69.45,105.49,51.65,46.33,22.36,0.9,49.98,1327598.5
2026-03-09 14:46:32,394.6,393.44,394.8,69.02,105.56,49.14,45.63,22.33,0.9,49.99,1327598.62
2026-03-09 14:47:27,394.59,393.83,394.97,67.72,104.21,52.14,45.75,22.34,0.9,50.0,1327599.25
2026-03-09 14:47:35,394.44,393.63,394.85,67.5,102.42,48.51,44.33,22.32,0.89,50.0,1327599.38
2026-03-09 14:48:29,394.41,393.45,394.84,68.16,106.93,48.69,45.66,22.23,0.9,49.98,1327600.0
2026-03-09 14:48:37,393.99,392.92,394.49,68.38,106.84,48.63,45.72,22.26,0.9,49.97,1327600.12
2026-03-09 14:49:32,393.62,393.11,394.19,80.48,103.66,51.9,48.28,23.05,0.9,50.0,1327600.88
2026-03-09 14:49:40,393.6,392.91,394.3,79.29,103.32,48.65,47.1,22.94,0.9,50.01,1327600.88
2026-03-09 14:50:35,393.63,392.56,394.16,68.01,102.82,48.52,44.51,22.18,0.89,49.98,1327601.62
2026-03-09 14:50:43,393.76,392.65,394.09,68.14,103.02,48.64,44.62,22.15,0.89,49.99,1327601.75
2026-03-09 14:51:38,394.04,393.1,394.36,67.73,103.19,50.72,45.1,22.12,0.9,50.0,1327602.38
2026-03-09 14:51:46,393.8,392.93,394.16,67.7,102.94,51.88,45.33,22.14,0.9,49.99,1327602.5
2026-03-09 14:52:40,393.92,392.74,394.36,68.21,103.0,48.95,44.71,22.26,0.89,49.96,1327603.25
2026-03-09 14:52:49,393.73,392.7,394.18,73.72,103.05,49.12,46.1,22.21,0.9,49.96,1327603.38
2026-03-09 14:53:43,392.97,392.06,393.32,72.91,102.84,48.65,45.74,22.1,0.9,49.99,1327604.0
2026-03-09 14:53:51,393.74,392.75,394.3,73.2,102.84,48.8,45.89,22.07,0.9,50.0,1327604.12
2026-03-09 14:54:46,393.01,392.29,393.45,79.32,102.74,48.18,46.8,22.79,0.9,49.98,1327604.88
2026-03-09 14:54:54,392.73,392.44,393.7,78.98,102.93,48.07,46.75,22.89,0.9,49.97,1327604.88
2026-03-09 14:55:49,393.2,392.03,393.69,67.79,103.14,48.02,44.4,22.02,0.89,49.97,1327605.62
2026-03-09 14:55:57,393.37,391.96,393.69,67.89,103.01,47.97,44.38,22.02,0.89,49.98,1327605.62
2026-03-09 14:56:52,393.54,392.7,393.97,68.09,102.72,48.33,44.48,22.03,0.89,50.04,1327606.38
2026-03-09 14:57:00,393.59,392.62,393.96,68.07,102.64,48.32,44.43,21.98,0.89,50.04,1327606.5
2026-03-09 14:57:54,393.09,392.52,393.47,67.48,94.96,48.03,42.79,21.04,0.9,50.04,1327607.12
2026-03-09 14:58:02,393.43,392.71,393.82,67.48,94.97,48.17,42.84,21.02,0.9,50.03,1327607.25
2026-03-09 14:58:57,393.7,393.55,394.29,67.42,83.22,48.02,40.3,20.2,0.89,49.98,1327607.88
2026-03-09 14:59:05,394.06,393.59,394.42,67.35,83.13,48.17,40.31,20.18,0.89,49.99,1327607.88
2026-03-09 15:00:00,395.18,394.69,395.49,86.99,83.24,48.78,44.03,23.52,0.88,50.05,1327608.62
2026-03-09 15:00:08,393.2,393.14,394.06,79.68,82.95,49.55,43.21,21.1,0.9,50.05,1327608.75
2026-03-09 15:01:03,395.02,394.27,395.46,67.95,91.66,48.45,42.31,21.08,0.89,50.04,1327609.38
2026-03-09 15:01:11,394.84,394.03,395.42,67.95,91.92,48.47,42.37,21.22,0.89,50.03,1327609.5
2026-03-09 15:02:05,394.9,394.3,395.55,80.21,94.41,48.76,45.54,22.33,0.9,50.04,1327610.12
2026-03-09 15:02:13,394.1,393.7,394.79,80.27,90.49,51.46,45.62,22.35,0.9,50.03,1327610.25
2026-03-09 15:03:08,394.26,393.99,395.05,79.9,90.27,50.54,44.92,22.2,0.89,50.04,1327610.88
2026-03-09 15:03:16,394.61,394.37,395.21,79.96,90.34,48.7,44.54,22.22,0.89,50.05,1327611.0
2026-03-09 15:04:11,394.79,394.3,395.37,76.47,99.31,57.44,47.8,22.97,0.9,50.04,1327611.75
2026-03-09 15:04:19,395.01,394.38,395.48,76.78,99.53,57.36,47.91,23.0,0.9,50.03,1327611.75
2026-03-09 15:05:14,394.59,393.82,395.2,76.66,99.51,57.63,47.92,22.94,0.9,50.0,1327612.5
2026-03-09 15:05:22,394.33,393.76,395.16,88.14,99.87,57.72,50.49,23.82,0.9,49.99,1327612.62
2026-03-09 15:06:16,394.91,394.36,395.31,76.56,100.28,59.21,48.61,22.78,0.9,50.02,1327613.5
2026-03-09 15:06:24,394.73,394.03,395.15,76.55,100.37,59.1,48.59,22.77,0.9,50.01,1327613.62
2026-03-09 15:07:19,394.45,393.68,394.52,77.49,101.63,69.48,51.57,23.01,0.91,49.99,1327614.38
2026-03-09 15:07:27,394.3,393.42,394.38,77.74,101.5,68.85,51.44,23.04,0.91,50.0,1327614.5
2026-03-09 15:08:22,393.4,393.86,394.41,102.98,99.79,70.79,56.74,25.05,0.91,49.96,1327615.25
2026-03-09 15:08:30,394.01,393.69,394.55,89.44,99.7,70.88,53.81,24.17,0.91,49.96,1327615.38
2026-03-09 15:09:25,393.89,394.13,394.62,89.65,88.55,69.8,51.4,22.98,0.91,50.0,1327616.12
2026-03-09 15:09:33,393.93,394.11,394.4,89.61,88.65,70.03,51.46,22.98,0.91,49.98,1327616.25
2026-03-09 15:10:27,393.65,394.01,394.35,101.17,88.29,68.37,53.47,23.78,0.91,49.98,1327617.0
2026-03-09 15:10:35,393.55,394.03,394.31,101.0,88.37,68.49,53.42,23.66,0.91,49.99,1327617.12
2026-03-09 15:11:30,394.09,393.84,394.21,77.3,89.06,70.68,49.21,21.81,0.91,50.0,1327617.88
2026-03-09 15:11:38,394.13,393.97,394.18,76.91,89.19,70.34,49.13,21.65,0.91,49.99,1327618.0
2026-03-09 15:12:33,393.47,393.47,393.65,77.39,88.77,73.17,49.72,21.56,0.91,49.98,1327618.88
2026-03-09 15:12:41,393.33,393.25,393.69,77.38,88.62,69.54,48.8,21.56,0.91,49.99,1327619.0
2026-03-09 15:13:36,393.53,393.43,393.33,77.3,89.3,69.04,48.79,21.58,0.91,49.96,1327619.75
2026-03-09 15:13:44,393.14,392.91,393.38,77.46,91.19,68.96,49.3,21.45,0.91,49.96,1327619.75
2026-03-09 15:14:39,393.52,393.34,393.42,76.6,88.91,69.78,48.76,21.58,0.91,49.96,1327620.5
2026-03-09 15:14:46,393.43,393.39,393.6,76.71,88.86,69.91,48.77,21.56,0.91,49.96,1327620.62
2026-03-09 15:15:41,392.65,392.87,393.29,100.64,90.81,69.4,54.07,23.42,0.92,49.97,1327621.38
2026-03-09 15:15:49,393.3,393.65,393.88,99.96,90.74,69.23,54.01,23.48,0.91,49.98,1327621.5
2026-03-09 15:16:44,393.42,393.3,393.78,89.32,90.93,69.26,51.81,22.63,0.91,49.99,1327622.25
2026-03-09 15:16:52,393.53,393.4,393.62,89.23,91.13,72.53,52.64,22.58,0.92,50.0,1327622.38
2026-03-09 15:17:47,392.92,392.98,393.43,90.45,90.1,69.59,51.92,22.64,0.91,49.97,1327623.25
2026-03-09 15:17:55,393.23,393.27,393.55,90.44,90.0,69.64,51.88,22.7,0.91,49.97,1327623.25
2026-03-09 15:18:50,392.7,392.72,392.91,90.41,90.23,69.32,51.81,22.52,0.91,49.97,1327624.25
2026-03-09 15:18:57,392.55,392.68,392.96,90.51,90.17,72.59,52.38,22.63,0.92,49.97,1327624.38
2026-03-09 15:19:52,392.84,392.84,393.24,90.78,90.26,70.1,52.16,22.58,0.92,50.01,1327625.12
2026-03-09 15:20:00,393.22,393.17,393.61,90.54,90.21,71.46,52.38,22.81,0.92,50.02,1327625.25
2026-03-09 15:20:55,393.28,393.47,394.09,101.61,90.17,69.88,54.77,22.58,0.92,50.05,1327626.0
2026-03-09 15:21:03,393.16,393.4,393.66,101.06,90.35,73.43,55.55,22.44,0.92,50.04,1327626.12
2026-03-09 15:21:58,392.7,393.05,393.68,105.27,103.99,69.75,58.5,23.68,0.92,50.04,1327626.88
2026-03-09 15:22:06,392.72,392.67,393.32,106.36,104.51,69.73,58.86,23.71,0.92,50.02,1327627.0
2026-03-09 15:23:01,392.94,392.95,393.54,102.21,103.86,69.93,57.76,23.56,0.92,50.03,1327627.88
2026-03-09 15:23:08,392.5,392.43,393.37,102.1,103.57,69.61,57.62,23.61,0.92,50.02,1327628.0
2026-03-09 15:24:03,392.51,392.52,393.22,102.73,103.95,70.02,57.88,23.67,0.92,49.99,1327628.88
2026-03-09 15:24:11,392.55,392.4,393.27,103.0,103.71,68.94,57.65,23.52,0.92,49.97,1327629.0
2026-03-09 15:25:06,392.69,392.63,393.2,102.73,103.75,72.75,58.56,23.61,0.92,50.01,1327630.0
2026-03-09 15:25:14,392.44,393.08,393.66,112.96,103.79,70.23,60.05,24.74,0.92,50.0,1327630.12
2026-03-09 15:26:09,392.06,392.61,393.24,123.23,103.57,69.88,62.03,25.47,0.92,49.98,1327631.12
2026-03-09 15:26:17,392.37,393.01,393.43,109.52,89.82,70.02,56.17,23.48,0.92,49.97,1327631.12
2026-03-09 15:27:12,392.4,392.65,392.84,99.91,90.11,70.36,54.25,22.81,0.92,49.96,1327632.0
2026-03-09 15:27:20,391.92,392.34,392.32,101.27,90.2,69.99,54.51,22.69,0.92,49.96,1327632.12
2026-03-09 15:28:15,392.29,392.58,392.95,101.14,90.57,70.3,54.67,22.69,0.92,49.97,1327632.88
2026-03-09 15:28:22,392.09,392.3,392.65,101.21,90.72,70.23,54.69,22.74,0.92,49.97,1327633.0
2026-03-09 15:29:17,391.95,392.34,392.72,100.53,90.59,70.21,54.6,22.34,0.92,49.98,1327633.88
2026-03-09 15:29:25,391.89,392.46,392.74,100.67,90.73,77.28,56.08,23.16,0.92,49.98,1327634.0
2026-03-09 15:30:20,393.07,393.24,393.63,100.62,90.51,74.65,55.73,22.59,0.92,50.04,1327635.0
2026-03-09 15:30:28,392.96,393.31,393.49,100.36,90.37,74.4,55.56,22.55,0.92,50.04,1327635.12
2026-03-09 15:31:23,393.13,393.39,393.54,100.44,90.4,74.48,55.62,22.55,0.92,50.03,1327635.88
2026-03-09 15:31:31,392.51,393.09,393.48,111.71,90.52,74.48,58.09,23.39,0.92,50.02,1327636.0
2026-03-09 15:32:26,393.13,393.47,393.54,100.31,90.74,74.26,55.61,22.6,0.92,50.04,1327636.88
2026-03-09 15:32:33,392.86,392.97,393.42,100.28,90.54,74.25,55.54,22.56,0.92,50.04,1327637.0
2026-03-09 15:33:28,392.78,393.18,393.37,99.87,87.2,74.04,54.92,21.91,0.93,50.01,1327637.88
2026-03-09 15:33:36,392.82,393.37,393.57,100.06,87.36,74.19,55.03,21.91,0.93,50.02,1327638.0
2026-03-09 15:34:31,393.27,393.16,393.37,88.0,87.27,74.02,52.42,20.86,0.93,50.0,1327638.75
2026-03-09 15:34:39,393.15,393.14,393.6,87.5,87.16,77.36,53.12,20.85,0.93,50.01,1327638.88
2026-03-09 15:35:34,393.24,393.66,393.82,77.02,76.6,62.9,45.06,19.32,0.92,50.01,1327639.5
2026-03-09 15:35:42,393.3,393.51,393.57,76.87,76.44,63.62,45.07,19.44,0.91,50.0,1327639.62
2026-03-09 15:36:37,392.92,393.28,393.44,76.65,78.14,62.61,45.29,19.31,0.92,49.97,1327640.5
2026-03-09 15:36:44,392.55,392.93,392.88,86.73,76.08,72.37,48.96,21.26,0.91,49.96,1327640.5
2026-03-09 15:37:40,393.09,392.95,393.02,76.7,76.07,77.09,47.81,20.32,0.92,50.02,1327641.25
2026-03-09 15:37:47,392.81,392.98,393.0,76.73,75.94,73.42,46.91,20.29,0.91,50.02,1327641.38
2026-03-09 15:38:42,393.04,393.58,393.44,88.99,75.52,74.24,49.55,21.55,0.91,49.98,1327642.12
2026-03-09 15:38:50,392.98,393.26,393.42,88.83,75.6,73.91,49.45,21.54,0.91,49.97,1327642.25
2026-03-09 15:39:45,392.45,392.98,393.3,103.01,76.04,57.14,49.04,21.01,0.92,50.0,1327642.88
2026-03-09 15:39:53,393.05,393.67,394.2,97.38,75.89,53.21,47.09,20.17,0.91,50.01,1327643.0
2026-03-09 15:40:48,392.88,393.22,393.75,88.72,75.86,52.98,44.88,20.24,0.91,49.97,1327643.75
2026-03-09 15:40:55,393.08,393.44,393.9,88.62,75.67,53.15,44.91,20.32,0.91,49.97,1327643.75
2026-03-09 15:41:51,393.44,393.78,394.34,87.91,74.73,52.65,44.39,20.26,0.91,50.03,1327644.5
2026-03-09 15:41:58,393.03,393.54,393.82,88.13,74.79,52.84,44.46,20.2,0.9,50.03,1327644.5
2026-03-09 15:42:53,393.26,393.72,394.18,89.6,75.12,52.83,44.92,20.26,0.91,50.04,1327645.25
2026-03-09 15:43:01,393.44,393.9,394.22,89.83,75.08,52.82,44.93,20.31,0.91,50.04,1327645.5
2026-03-09 15:43:56,393.49,393.7,394.11,87.97,74.97,52.14,44.29,20.3,0.91,50.0,1327646.12
2026-03-09 15:44:04,393.45,393.72,394.3,88.29,75.01,52.66,44.51,20.27,0.91,50.0,1327646.25
2026-03-09 15:44:59,392.78,393.36,393.88,88.15,68.1,52.63,43.3,19.02,0.91,50.04,1327646.88
2026-03-09 15:45:06,393.59,393.66,393.89,74.61,67.61,52.57,40.43,18.08,0.91,50.03,1327647.0
2026-03-09 15:46:01,393.74,393.51,393.77,66.43,67.56,52.25,38.12,18.11,0.9,50.03,1327647.62
2026-03-09 15:46:09,393.62,393.57,393.63,66.39,67.58,52.11,38.08,18.19,0.9,50.03,1327647.62
2026-03-09 15:47:04,393.99,393.99,394.03,65.96,67.12,52.02,37.84,18.02,0.9,50.04,1327648.25
2026-03-09 15:47:12,393.94,393.76,393.87,66.91,67.21,51.81,37.94,18.49,0.89,50.05,1327648.25
2026-03-09 15:48:07,394.41,394.17,394.48,65.97,74.26,52.58,39.94,18.02,0.91,50.02,1327648.88
2026-03-09 15:48:14,394.16,393.8,394.23,66.1,74.97,52.69,40.16,18.09,0.91,50.02,1327649.0
2026-03-09 15:49:10,393.3,393.43,393.7,77.7,73.09,52.52,42.03,19.06,0.91,50.01,1327649.62
2026-03-09 15:49:17,392.94,393.05,393.37,77.61,73.12,52.7,42.05,19.03,0.91,49.99,1327649.75
2026-03-09 15:50:12,392.85,393.22,393.49,91.97,74.84,52.72,45.59,19.95,0.92,50.01,1327650.38
2026-03-09 15:50:20,392.82,392.88,393.37,78.26,74.66,52.44,42.51,19.04,0.91,50.02,1327650.38
2026-03-09 15:51:15,393.39,393.62,393.67,79.18,74.65,52.74,42.82,19.06,0.91,50.01,1327651.25
2026-03-09 15:51:23,393.28,393.4,393.52,79.44,74.29,52.73,42.77,19.09,0.91,50.02,1327651.25
2026-03-09 15:52:18,393.17,393.47,393.52,80.11,75.02,57.26,43.77,19.08,0.92,50.01,1327652.0
2026-03-09 15:52:25,393.12,393.5,393.51,80.36,74.83,52.86,43.15,19.11,0.91,50.02,1327652.0
2026-03-09 15:53:21,393.01,393.16,393.04,80.51,74.26,63.89,45.33,20.02,0.91,50.0,1327652.75
2026-03-09 15:53:28,392.8,393.2,392.75,80.25,74.96,66.14,46.01,20.08,0.92,49.99,1327652.75
2026-03-09 15:54:24,393.24,393.54,393.16,80.59,73.09,67.7,46.0,20.13,0.92,50.04,1327653.5
2026-03-09 15:54:31,393.26,393.58,393.28,80.27,73.17,67.63,45.89,20.13,0.91,50.03,1327653.62
2026-03-09 15:55:26,392.55,393.05,393.24,105.54,91.59,66.23,55.09,22.96,0.92,50.0,1327654.38
2026-03-09 15:55:34,392.94,393.35,393.57,101.77,91.62,66.44,54.34,22.35,0.92,50.0,1327654.5
2026-03-09 15:56:29,392.77,392.6,393.06,93.13,90.63,66.93,52.12,22.11,0.92,49.96,1327655.25
2026-03-09 15:56:37,392.78,392.95,393.32,93.25,89.96,67.18,52.3,22.14,0.92,49.97,1327655.38
2026-03-09 15:57:32,392.98,392.98,393.31,94.18,90.78,68.28,52.97,22.18,0.92,49.98,1327656.25
2026-03-09 15:57:39,392.97,392.97,393.13,93.81,90.56,67.98,52.77,22.18,0.92,49.97,1327656.38
2026-03-09 15:58:35,393.08,393.12,393.43,94.66,90.52,67.77,52.97,22.13,0.92,50.03,1327657.25
2026-03-09 15:58:42,393.2,393.3,393.58,94.61,91.89,67.9,53.25,22.08,0.92,50.01,1327657.25
2026-03-09 15:59:37,392.24,392.45,392.7,94.9,90.42,68.75,53.14,22.14,0.92,49.97,1327658.12
2026-03-09 15:59:45,392.54,392.58,392.93,94.87,90.59,67.33,52.87,22.0,0.92,49.98,1327658.25
2026-03-09 16:00:40,394.82,395.23,395.57,106.69,93.3,66.97,56.24,23.38,0.92,49.99,1327659.0
2026-03-09 16:00:48,395.31,395.58,396.55,108.77,93.35,67.28,56.81,23.72,0.92,49.99,1327659.12
2026-03-09 16:01:43,395.96,395.76,396.11,95.39,92.6,66.74,53.47,22.71,0.92,50.0,1327660.0
2026-03-09 16:01:50,395.65,395.71,396.17,95.0,91.02,66.77,53.1,22.61,0.92,49.99,1327660.0
2026-03-09 16:02:46,395.48,395.52,395.58,94.55,91.47,67.47,53.26,22.57,0.92,49.99,1327660.88
2026-03-09 16:02:53,395.27,394.85,395.53,95.07,105.23,67.39,54.83,23.84,0.92,49.99,1327661.0
2026-03-09 16:03:49,394.98,394.74,395.19,97.09,103.69,67.07,56.25,23.58,0.92,50.02,1327662.0
2026-03-09 16:03:56,395.21,394.92,395.62,96.07,103.63,67.07,56.12,23.38,0.92,50.02,1327662.0
2026-03-09 16:04:51,394.72,394.89,395.58,96.0,102.39,62.62,54.66,23.31,0.92,49.99,1327662.88
2026-03-09 16:04:59,394.89,395.03,395.88,95.62,102.51,62.58,54.65,23.33,0.92,49.99,1327663.0
2026-03-09 16:05:54,394.14,394.62,395.32,103.86,102.49,63.24,56.54,23.96,0.92,49.99,1327663.88
2026-03-09 16:06:01,394.44,394.75,395.53,106.15,102.4,63.18,56.99,24.15,0.92,49.99,1327664.0
2026-03-09 16:06:57,394.16,394.19,394.83,93.0,100.58,61.19,53.23,22.92,0.92,50.02,1327664.75
2026-03-09 16:07:04,394.14,393.9,394.8,93.29,100.8,64.59,54.17,22.86,0.92,50.02,1327664.88
2026-03-09 16:08:00,393.92,393.77,394.48,80.23,87.21,62.31,47.74,21.17,0.91,50.03,1327665.62
2026-03-09 16:08:07,393.81,393.51,394.14,80.23,87.05,62.83,47.65,21.18,0.91,50.01,1327665.75
2026-03-09 16:09:02,394.02,393.96,394.47,79.8,86.77,60.7,47.14,21.1,0.91,50.0,1327666.5
2026-03-09 16:09:10,393.85,393.71,394.33,79.81,88.6,60.7,47.58,21.1,0.91,50.0,1327666.5
2026-03-09 16:10:05,393.83,393.83,394.5,79.53,87.24,46.55,44.09,20.09,0.91,50.02,1327667.38
2026-03-09 16:10:12,393.94,393.8,394.81,79.15,87.0,46.45,43.94,20.08,0.91,50.02,1327667.5
2026-03-09 16:11:08,393.2,392.9,393.97,89.36,103.47,46.41,49.73,21.72,0.92,49.99,1327668.12
2026-03-09 16:11:15,393.46,393.08,394.46,90.19,107.45,46.54,50.89,21.98,0.92,49.98,1327668.25
2026-03-09 16:12:11,393.8,393.32,394.63,78.89,102.6,46.73,47.38,20.93,0.91,49.99,1327669.0
2026-03-09 16:12:18,393.72,393.19,394.43,78.94,102.34,46.53,47.27,20.84,0.91,49.99,1327669.0
2026-03-09 16:13:13,393.58,393.73,394.36,89.73,87.54,46.61,46.27,21.09,0.91,50.01,1327669.75
2026-03-09 16:13:21,393.59,393.83,394.41,89.82,87.58,49.79,47.1,21.05,0.91,50.01,1327669.88
2026-03-09 16:14:16,393.3,393.56,394.15,89.9,87.17,46.48,46.13,21.03,0.91,49.98,1327670.62
2026-03-09 16:14:23,393.57,393.64,394.63,89.96,87.06,46.55,46.18,21.07,0.91,49.99,1327670.62
2026-03-09 16:15:19,393.52,393.67,394.33,88.21,90.16,50.22,47.43,20.84,0.91,49.99,1327671.38
2026-03-09 16:15:26,393.46,393.55,394.45,88.31,90.0,46.54,46.62,20.85,0.91,49.99,1327671.5
2026-03-09 16:16:22,394.52,394.32,395.6,100.92,109.15,48.09,54.01,23.09,0.92,50.01,1327672.38
2026-03-09 16:16:29,394.45,394.32,395.69,100.12,107.73,46.7,53.21,22.82,0.92,50.01,1327672.38
2026-03-09 16:17:25,392.63,392.15,393.48,97.09,104.22,49.59,52.56,21.38,0.93,49.97,1327673.25
2026-03-09 16:17:32,393.02,392.86,393.94,97.3,102.93,46.57,51.63,21.45,0.92,49.97,1327673.25
2026-03-09 16:18:27,393.52,393.87,394.79,98.56,88.7,46.77,48.89,20.83,0.92,50.0,1327674.12
2026-03-09 16:18:35,393.63,393.96,394.78,98.8,88.75,46.93,48.96,20.81,0.92,49.99,1327674.12
2026-03-09 16:19:30,393.4,393.75,394.63,97.94,89.02,47.42,49.72,20.81,0.92,49.98,1327674.88
2026-03-09 16:19:37,393.72,394.05,394.96,97.98,89.14,47.16,48.93,20.8,0.92,50.0,1327675.0
2026-03-09 16:20:33,393.07,393.47,394.56,98.5,88.29,47.13,48.79,20.79,0.92,49.96,1327675.75
2026-03-09 16:20:40,393.47,393.77,394.6,98.26,88.31,47.08,48.76,20.81,0.92,49.96,1327675.88
2026-03-09 16:21:36,393.95,394.45,395.67,109.54,105.61,49.84,55.82,22.75,0.92,50.01,1327676.62
2026-03-09 16:21:43,394.23,394.46,395.82,110.97,108.2,46.75,55.92,23.03,0.92,50.01,1327676.75
2026-03-09 16:22:38,394.61,394.59,395.75,99.39,102.62,46.93,52.24,21.94,0.92,50.03,1327677.62
2026-03-09 16:22:46,394.71,394.72,396.11,99.18,102.29,46.86,52.14,21.99,0.92,50.03,1327677.75
2026-03-09 16:23:41,395.05,395.31,396.15,98.46,88.05,50.35,49.68,21.03,0.92,50.04,1327678.5
2026-03-09 16:23:48,394.91,394.87,395.94,98.84,91.41,48.24,49.97,21.15,0.92,50.04,1327678.62
2026-03-09 16:24:44,395.4,395.06,396.06,77.86,91.0,46.3,44.8,20.0,0.91,50.01,1327679.38
2026-03-09 16:24:51,395.18,395.02,395.88,77.65,89.1,46.21,44.23,20.01,0.91,50.01,1327679.5
2026-03-09 16:25:47,395.3,394.82,395.8,78.68,89.3,46.27,44.44,20.24,0.91,50.0,1327680.12
2026-03-09 16:25:54,395.28,394.77,395.77,78.71,89.22,46.25,44.41,20.24,0.91,50.0,1327680.25
2026-03-09 16:26:50,394.09,393.89,395.12,89.49,105.51,46.38,50.27,22.06,0.91,49.96,1327680.88
2026-03-09 16:26:57,394.63,394.33,395.34,91.56,105.16,46.44,50.7,22.1,0.92,49.97,1327681.0
2026-03-09 16:27:52,394.68,393.98,395.19,80.22,103.95,46.34,47.99,21.07,0.91,50.01,1327681.75
2026-03-09 16:27:59,394.93,394.23,395.49,79.98,104.39,46.49,48.09,21.15,0.91,50.0,1327681.88
2026-03-09 16:28:55,394.72,394.4,395.41,79.37,89.75,46.64,44.74,20.3,0.91,49.98,1327682.5
2026-03-09 16:29:02,394.65,394.43,395.35,79.19,89.61,46.51,44.62,20.27,0.91,49.99,1327682.75
2026-03-09 16:29:58,394.77,394.88,395.67,90.83,89.75,46.75,47.16,21.4,0.91,50.0,1327683.5
2026-03-09 16:30:05,394.68,394.62,395.41,91.04,89.77,49.74,47.98,21.34,0.91,50.0,1327683.62
2026-03-09 16:31:01,394.84,395.03,395.71,91.9,89.39,46.71,47.35,21.34,0.91,50.04,1327684.25
2026-03-09 16:31:08,394.73,394.86,395.68,92.11,89.51,46.79,47.44,21.37,0.91,50.03,1327684.38
2026-03-09 16:32:03,394.74,394.4,395.68,92.95,106.06,46.67,51.29,22.3,0.92,50.01,1327685.12
2026-03-09 16:32:10,394.44,394.34,395.53,104.47,105.88,50.45,54.75,23.17,0.92,50.01,1327685.25
2026-03-09 16:33:06,395.03,394.71,395.84,93.43,105.07,46.66,51.24,22.28,0.92,50.04,1327686.0
2026-03-09 16:33:13,395.09,395.21,396.02,93.35,90.31,46.71,47.98,21.5,0.91,50.03,1327686.12
2026-03-09 16:34:09,395.12,395.27,396.06,92.73,90.54,47.05,47.93,21.45,0.91,50.04,1327686.88
2026-03-09 16:34:16,395.46,395.59,396.36,92.52,90.45,47.19,47.93,21.44,0.91,50.04,1327687.0
2026-03-09 16:35:12,394.89,395.06,395.6,92.03,90.66,57.17,50.21,21.64,0.92,50.01,1327687.75
2026-03-09 16:35:19,394.73,395.05,395.66,91.81,90.61,53.44,49.34,21.37,0.92,50.0,1327687.75
2026-03-09 16:36:14,394.89,394.63,395.84,91.58,104.67,46.64,50.67,22.24,0.91,50.03,1327688.62
2026-03-09 16:36:22,395.1,394.53,395.85,91.82,108.64,46.75,51.66,22.45,0.92,50.03,1327688.75
2026-03-09 16:37:17,394.6,394.34,395.31,92.33,105.92,47.67,51.32,22.28,0.92,50.0,1327689.5
2026-03-09 16:37:24,394.01,394.14,395.07,107.86,105.32,50.31,54.09,22.96,0.92,49.99,1327689.62
2026-03-09 16:38:20,394.21,394.28,395.03,92.67,91.32,50.48,48.85,21.37,0.91,49.95,1327690.38
2026-03-09 16:38:27,394.29,394.31,395.11,92.73,91.37,48.45,48.4,21.55,0.92,49.96,1327690.5
2026-03-09 16:39:23,394.46,394.48,395.48,93.14,90.91,47.95,48.32,21.33,0.91,50.03,1327691.25
2026-03-09 16:39:30,394.61,394.7,395.56,93.01,90.64,47.95,48.23,21.33,0.91,50.02,1327691.38
2026-03-09 16:40:25,394.13,394.72,395.54,114.54,90.44,47.62,52.95,22.34,0.92,50.0,1327692.12
2026-03-09 16:40:33,394.58,394.86,395.72,100.51,90.56,47.67,49.97,21.38,0.92,49.99,1327692.25
2026-03-09 16:41:28,394.43,394.18,395.52,100.58,107.33,47.78,53.65,22.27,0.92,49.99,1327693.0
2026-03-09 16:41:35,394.33,394.08,395.3,100.56,106.41,47.69,53.47,22.22,0.92,50.0,1327693.12
2026-03-09 16:42:31,394.34,394.09,395.32,99.59,103.96,47.57,52.62,22.16,0.92,49.98,1327694.0
2026-03-09 16:42:38,394.18,394.46,395.22,99.61,89.99,47.34,49.5,21.24,0.92,49.97,1327694.12
2026-03-09 16:43:34,394.74,395.05,395.41,99.5,84.6,59.59,50.64,22.54,0.91,50.03,1327694.88
2026-03-09 16:43:41,394.6,395.07,395.39,99.53,84.79,59.69,50.72,22.55,0.91,50.04,1327695.0
2026-03-09 16:44:36,394.85,395.28,395.71,99.03,85.2,59.12,50.57,22.59,0.91,50.0,1327695.75
2026-03-09 16:44:44,394.77,395.14,395.61,99.03,85.1,59.01,50.51,22.56,0.91,50.01,1327695.88
2026-03-09 16:45:39,395.29,395.08,396.33,99.21,105.58,47.26,53.15,22.01,0.92,50.02,1327696.62
2026-03-09 16:45:46,395.22,394.74,396.11,92.82,107.2,50.47,51.55,21.38,0.92,49.99,1327696.75
2026-03-09 16:46:42,395.68,395.45,396.53,86.69,95.23,46.52,47.49,21.34,0.91,50.02,1327697.5
2026-03-09 16:46:49,395.79,395.59,396.68,86.66,94.87,46.53,47.42,21.31,0.91,50.03,1327697.5
2026-03-09 16:47:45,395.83,395.82,396.62,87.23,80.73,46.45,44.41,20.27,0.91,50.03,1327698.25
2026-03-09 16:47:52,396.02,395.88,396.67,87.0,86.53,49.46,46.68,20.18,0.92,50.02,1327698.38
2026-03-09 16:48:48,396.04,396.18,397.03,99.57,86.58,46.52,48.59,21.38,0.91,50.03,1327699.25
2026-03-09 16:48:55,396.01,396.19,396.93,99.66,86.6,50.08,49.41,21.63,0.92,50.02,1327699.25
2026-03-09 16:49:50,396.4,396.21,396.98,84.29,83.82,46.84,44.65,20.33,0.91,50.01,1327700.0
2026-03-09 16:49:57,396.42,396.23,397.0,84.44,83.87,46.75,44.7,20.32,0.91,50.03,1327700.12
2026-03-09 16:50:53,396.25,395.98,396.65,87.84,87.66,50.96,47.28,21.21,0.91,50.01,1327700.75
2026-03-09 16:51:00,396.41,396.16,396.78,90.08,87.69,51.49,47.94,21.32,0.91,50.0,1327700.88
2026-03-09 16:51:56,397.0,396.48,397.17,76.95,87.73,50.68,44.86,20.44,0.91,50.02,1327701.5
2026-03-09 16:52:03,397.04,396.47,397.2,76.89,87.7,50.74,44.84,20.43,0.91,50.03,1327701.62
2026-03-09 16:52:59,397.44,396.58,397.28,64.58,87.29,50.98,42.26,19.31,0.91,50.03,1327702.25
2026-03-09 16:53:06,397.45,396.57,397.28,64.62,87.22,51.04,42.26,19.33,0.91,50.02,1327702.38
2026-03-09 16:54:01,394.62,393.68,394.48,64.87,86.88,50.51,41.99,18.78,0.91,50.02,1327703.0
2026-03-09 16:54:09,394.64,393.63,394.36,64.97,86.82,50.56,41.99,18.79,0.91,50.02,1327703.12
2026-03-09 16:55:04,394.88,394.0,394.59,64.47,86.77,50.89,41.97,18.83,0.91,50.05,1327703.75
2026-03-09 16:55:11,395.14,394.22,394.83,66.72,86.88,51.38,42.47,19.33,0.91,50.05,1327703.88
2026-03-09 16:56:07,394.43,393.83,394.47,75.08,86.79,49.68,43.82,19.74,0.91,49.99,1327704.62
2026-03-09 16:56:14,394.37,393.75,394.47,75.72,86.77,49.59,43.97,19.76,0.91,49.98,1327704.62
2026-03-09 16:57:10,394.76,394.24,395.02,80.35,86.83,49.81,45.51,18.9,0.92,50.05,1327705.38
2026-03-09 16:57:17,394.74,394.21,395.01,80.31,86.76,49.78,45.49,18.9,0.92,50.04,1327705.38
2026-03-09 16:58:13,394.85,394.53,395.18,79.98,83.09,52.81,45.21,19.0,0.92,50.05,1327706.12
2026-03-09 16:58:20,395.04,394.68,395.41,79.96,83.05,49.69,44.41,19.06,0.92,50.05,1327706.25
2026-03-09 16:59:15,395.02,394.64,395.4,79.91,83.81,49.44,44.44,19.21,0.91,50.05,1327706.88
2026-03-09 16:59:22,395.02,394.67,395.41,79.86,83.8,49.55,44.46,19.2,0.91,50.05,1327707.0
2026-03-09 17:00:18,395.46,395.21,395.89,79.16,83.65,49.46,44.26,19.29,0.91,50.05,1327707.62
2026-03-09 17:00:25,395.54,395.23,395.88,79.08,83.44,49.41,44.18,19.25,0.91,50.05,1327707.75
2026-03-09 17:01:21,395.56,395.23,396.19,92.75,94.52,49.54,49.42,21.43,0.91,50.05,1327708.38
2026-03-09 17:01:28,395.51,395.22,396.14,91.59,94.46,49.59,49.16,21.37,0.91,50.05,1327708.5
2026-03-09 17:02:24,395.25,394.68,395.6,80.12,95.09,51.48,47.23,20.61,0.91,49.97,1327709.25
2026-03-09 17:02:31,395.56,394.76,395.72,72.14,94.88,49.61,44.81,20.59,0.91,49.97,1327709.5
2026-03-09 17:03:27,395.24,394.72,395.41,72.43,89.45,52.76,44.16,20.66,0.9,49.95,1327710.12
2026-03-09 17:03:34,395.21,394.67,395.46,72.47,89.41,49.55,43.35,20.68,0.9,49.95,1327710.25
2026-03-09 17:04:29,395.81,395.1,395.89,72.69,91.9,53.03,45.05,20.64,0.91,50.03,1327710.88
2026-03-09 17:04:36,395.92,395.13,396.01,72.88,91.88,49.68,44.23,20.69,0.9,50.03,1327711.0
2026-03-09 17:05:32,396.13,395.36,396.31,73.86,90.5,49.55,44.06,20.8,0.9,50.04,1327711.62
2026-03-09 17:05:39,396.14,395.37,396.28,73.54,90.42,49.55,43.98,20.77,0.9,50.05,1327711.75
2026-03-09 17:06:35,395.69,395.34,396.15,81.59,88.66,49.71,45.1,21.79,0.9,50.04,1327712.38
2026-03-09 17:06:42,395.71,395.39,396.22,81.93,88.84,51.11,45.46,22.07,0.9,50.04,1327712.5
2026-03-09 17:07:38,395.93,395.3,396.09,70.69,88.78,49.3,42.67,21.01,0.89,50.02,1327713.12
2026-03-09 17:07:45,395.88,395.26,396.07,70.59,88.65,49.4,42.63,21.0,0.89,50.03,1327713.25
2026-03-09 17:08:40,395.74,395.04,395.92,70.46,91.45,49.4,43.36,20.95,0.9,50.01,1327713.88
2026-03-09 17:08:47,395.86,395.19,396.05,70.52,91.43,49.4,43.33,20.96,0.9,50.01,1327714.0
2026-03-09 17:09:43,396.17,395.25,396.02,62.61,91.57,49.31,41.4,21.06,0.89,49.97,1327714.75
2026-03-09 17:09:50,394.81,393.96,394.76,62.71,91.47,49.35,41.35,20.82,0.89,49.96,1327714.88
2026-03-09 17:10:46,395.87,394.97,395.8,63.1,92.21,49.93,41.81,21.06,0.89,49.97,1327715.5
2026-03-09 17:10:53,395.97,394.96,395.73,61.13,92.16,49.92,41.44,20.76,0.89,49.97,1327715.5
2026-03-09 17:11:49,396.12,394.99,395.86,60.53,95.78,49.67,42.27,20.59,0.9,50.0,1327716.12
2026-03-09 17:11:56,395.79,394.98,395.82,72.42,95.8,50.52,45.06,21.54,0.9,50.0,1327716.25
2026-03-09 17:12:52,395.97,394.66,395.57,60.91,101.33,50.06,43.82,20.63,0.9,49.96,1327716.88
2026-03-09 17:12:58,395.97,394.8,395.62,61.02,97.38,50.1,42.79,20.71,0.9,49.96,1327717.0
2026-03-09 17:13:54,395.81,394.68,395.58,61.74,96.92,49.87,42.81,20.7,0.9,49.97,1327717.62
2026-03-09 17:14:01,395.87,394.73,395.59,61.18,96.88,49.89,42.67,20.72,0.9,49.97,1327717.75
2026-03-09 17:14:57,396.09,395.05,395.92,60.99,93.79,49.67,41.79,20.75,0.9,49.99,1327718.38
2026-03-09 17:15:04,396.13,395.1,395.97,60.85,93.74,49.75,41.76,20.75,0.89,49.99,1327718.5
2026-03-09 17:16:00,396.49,395.52,396.18,60.94,93.89,53.06,42.66,20.82,0.9,49.98,1327719.12
2026-03-09 17:16:07,396.5,395.44,396.24,60.98,93.92,49.88,41.89,20.84,0.89,49.99,1327719.12
2026-03-09 17:17:03,396.54,395.49,396.29,60.45,93.86,49.77,41.76,20.72,0.9,50.03,1327719.88
2026-03-09 17:17:10,396.02,395.5,396.33,79.18,93.9,49.87,46.15,21.52,0.9,50.03,1327719.88
2026-03-09 17:18:05,396.43,395.61,396.4,68.78,94.15,50.03,43.95,20.76,0.9,50.0,1327720.75
2026-03-09 17:18:12,396.43,395.58,396.43,68.78,94.22,49.99,43.95,20.76,0.9,50.0,1327720.75
2026-03-09 17:19:08,396.31,395.43,396.33,68.84,94.44,50.02,44.02,20.75,0.9,50.0,1327721.5
2026-03-09 17:19:15,396.17,395.35,396.25,68.85,94.43,49.92,43.99,20.72,0.9,49.99,1327721.5
2026-03-09 17:20:11,395.78,395.41,396.24,82.61,93.91,49.95,44.88,21.32,0.9,49.96,1327722.25
2026-03-09 17:20:18,396.04,395.27,396.12,68.8,93.78,49.99,43.78,20.77,0.9,49.96,1327722.25
2026-03-09 17:21:14,395.99,395.09,395.91,63.02,93.66,50.74,42.92,20.74,0.9,49.96,1327723.0
2026-03-09 17:21:21,395.91,395.05,395.83,63.15,93.62,52.28,42.55,20.72,0.9,49.96,1327723.0
2026-03-09 17:22:16,395.77,394.91,395.25,63.41,93.5,64.69,45.57,21.78,0.9,49.96,1327723.75
2026-03-09 17:22:23,395.77,394.81,395.23,63.41,93.56,64.67,45.58,21.77,0.9,49.96,1327723.88
2026-03-09 17:23:19,395.81,395.04,395.55,68.09,94.18,63.62,46.67,21.73,0.91,49.97,1327724.5
2026-03-09 17:23:26,395.79,395.06,395.6,68.11,94.18,63.61,46.68,21.7,0.91,49.97,1327724.62
2026-03-09 17:24:22,395.67,395.03,395.45,68.31,88.59,65.58,45.64,21.93,0.9,49.99,1327725.5
2026-03-09 17:24:29,395.74,395.06,395.52,68.16,88.48,63.32,45.08,21.78,0.9,49.98,1327725.5
2026-03-09 17:25:25,395.23,395.11,395.57,84.86,88.29,63.45,48.84,22.59,0.9,49.98,1327726.25
2026-03-09 17:25:32,395.65,395.16,395.67,71.82,88.21,63.34,45.96,21.68,0.9,49.99,1327726.38
2026-03-09 17:26:28,395.55,395.01,395.48,71.88,88.57,63.18,46.02,21.64,0.9,49.97,1327727.0
2026-03-09 17:26:34,395.41,395.05,395.43,71.91,88.8,66.13,46.7,21.93,0.9,49.97,1327727.12
2026-03-09 17:27:30,395.26,394.47,395.18,71.65,92.64,59.15,46.09,21.4,0.9,49.95,1327727.88
2026-03-09 17:27:37,395.3,394.51,395.22,71.68,92.62,59.1,46.08,21.38,0.9,49.96,1327727.88
2026-03-09 17:28:33,395.46,394.67,395.25,67.01,93.01,58.84,44.99,21.46,0.9,49.96,1327728.62
2026-03-09 17:28:40,395.56,394.67,395.33,67.06,93.7,58.89,45.21,21.41,0.9,49.96,1327728.75
2026-03-09 17:29:36,395.43,394.65,395.27,70.24,91.61,59.2,45.54,21.28,0.9,49.96,1327729.38
2026-03-09 17:29:43,395.39,394.63,395.26,70.25,91.48,59.29,45.54,21.27,0.9,49.96,1327729.5
2026-03-09 17:30:39,394.51,395.05,395.18,97.2,81.36,63.03,50.3,22.01,0.91,49.96,1327730.25
2026-03-09 17:30:45,394.53,394.96,395.15,100.43,82.48,62.98,51.36,21.99,0.92,49.96,1327730.25
2026-03-09 17:31:41,395.11,394.71,395.05,80.31,86.17,65.21,48.87,19.57,0.93,50.01,1327731.12
2026-03-09 17:31:48,395.09,394.75,395.07,80.24,86.23,65.16,48.86,19.56,0.93,50.01,1327731.25
2026-03-09 17:32:44,394.58,394.2,394.47,78.4,86.58,67.94,49.12,19.58,0.93,49.95,1327732.0
2026-03-09 17:32:51,394.51,394.17,394.42,78.47,86.44,67.87,49.07,19.57,0.93,49.95,1327732.12
2026-03-09 17:33:47,394.96,394.31,394.53,78.47,97.46,72.08,52.42,20.62,0.93,49.97,1327732.88
2026-03-09 17:33:54,395.21,394.61,394.79,78.47,97.52,72.08,52.45,20.68,0.93,49.97,1327733.0
2026-03-09 17:34:50,394.83,394.34,394.52,81.22,97.99,74.96,53.94,20.48,0.93,49.98,1327733.75
2026-03-09 17:34:57,394.9,394.55,394.67,85.39,97.99,78.76,55.88,20.36,0.94,49.98,1327733.88
2026-03-09 17:35:53,394.39,394.38,394.49,97.52,98.63,78.94,58.74,21.07,0.94,49.98,1327734.75
2026-03-09 17:35:59,394.2,394.22,394.39,100.88,98.66,78.93,59.61,21.11,0.94,49.98,1327734.88
2026-03-09 17:36:55,394.4,393.84,394.19,88.49,103.34,81.18,58.64,19.95,0.94,50.02,1327735.75
2026-03-09 17:37:02,394.29,393.78,394.03,88.4,103.65,81.67,58.76,19.87,0.94,50.01,1327735.88
2026-03-09 17:37:58,394.32,393.84,394.01,91.46,103.84,84.84,59.53,19.87,0.95,49.97,1327736.88
2026-03-09 17:38:05,394.21,393.74,393.96,91.27,103.7,81.65,59.46,19.84,0.94,49.96,1327737.0
2026-03-09 17:39:01,394.39,393.8,393.99,91.01,106.22,86.99,61.36,19.67,0.95,49.98,1327737.88
2026-03-09 17:39:08,394.32,393.71,394.3,90.91,106.2,74.03,58.56,18.72,0.95,49.98,1327738.0
2026-03-09 17:40:04,394.07,393.69,394.23,92.59,105.89,76.13,59.45,18.3,0.95,50.01,1327739.0
2026-03-09 17:40:11,394.13,393.79,394.26,92.5,105.9,75.97,59.38,18.27,0.95,50.01,1327739.0
2026-03-09 17:41:07,393.73,393.53,394.16,105.51,108.71,76.0,62.83,19.09,0.95,50.0,1327740.0
2026-03-09 17:41:13,393.99,393.8,394.24,104.22,108.69,79.76,64.3,19.1,0.96,50.01,1327740.12
2026-03-09 17:42:09,393.92,393.32,394.01,93.98,109.01,75.93,60.48,18.19,0.95,50.01,1327741.0
2026-03-09 17:42:16,393.88,393.44,393.99,93.99,109.12,75.87,60.49,18.22,0.95,50.0,1327741.12
2026-03-09 17:43:12,393.94,393.44,394.0,93.88,109.13,75.93,60.5,18.16,0.95,50.04,1327742.25
2026-03-09 17:43:19,394.05,393.37,393.97,93.83,109.14,75.99,60.5,18.16,0.95,50.04,1327742.25
2026-03-09 17:44:15,393.67,393.1,393.58,96.01,108.86,75.87,60.86,18.13,0.95,50.01,1327743.25
2026-03-09 17:44:22,393.76,393.24,393.66,95.6,108.86,79.51,61.66,18.15,0.96,50.02,1327743.38
2026-03-09 17:45:18,393.62,393.23,393.86,97.99,110.02,75.83,61.69,18.06,0.96,50.03,1327744.25
2026-03-09 17:45:24,393.97,393.48,393.92,98.12,109.8,75.71,61.64,18.04,0.96,50.03,1327744.38
2026-03-09 17:46:20,393.76,393.46,393.93,108.38,109.85,82.87,65.59,18.84,0.96,50.01,1327745.38
2026-03-09 17:46:27,393.64,393.38,393.86,108.86,109.83,76.19,63.86,18.83,0.96,50.01,1327745.5
2026-03-09 17:47:23,393.67,393.05,393.68,97.79,113.43,75.96,62.53,17.93,0.96,50.04,1327746.38
2026-03-09 17:47:30,393.96,393.32,394.13,98.26,115.22,76.22,63.14,17.97,0.96,50.04,1327746.5
2026-03-09 17:48:26,394.23,393.67,394.35,97.45,103.32,64.74,58.11,15.69,0.96,50.01,1327747.62
2026-03-09 17:48:33,393.94,393.53,394.13,97.37,103.31,64.89,58.09,15.71,0.96,50.0,1327747.75
2026-03-09 17:49:29,393.83,393.49,393.62,98.22,101.82,75.64,60.15,16.87,0.96,50.02,1327748.62
2026-03-09 17:49:35,393.46,393.16,393.55,98.33,101.69,75.89,60.2,16.9,0.96,50.01,1327748.75
2026-03-09 17:50:31,393.62,393.14,393.63,98.07,101.77,75.47,60.02,16.92,0.96,49.98,1327749.62
2026-03-09 17:50:38,393.82,393.38,393.65,98.24,101.81,75.4,60.05,16.93,0.96,50.0,1327749.75
2026-03-09 17:51:34,393.7,393.4,393.64,98.23,101.81,75.19,60.04,16.84,0.96,50.02,1327750.62
2026-03-09 17:51:41,393.48,393.23,393.75,109.73,101.73,75.22,62.5,17.7,0.96,50.02,1327750.75
2026-03-09 17:52:37,394.07,393.55,394.08,99.0,106.74,68.51,60.12,15.67,0.96,50.0,1327751.62
2026-03-09 17:52:44,393.96,393.5,394.16,99.06,106.77,64.92,59.35,15.72,0.96,50.0,1327751.75
2026-03-09 17:53:40,393.89,393.92,394.55,104.12,103.72,67.12,60.37,15.63,0.96,50.0,1327752.88
2026-03-09 17:53:47,394.11,393.85,394.41,104.02,103.67,67.16,60.32,15.57,0.96,50.01,1327753.0
2026-03-09 17:54:43,393.28,393.18,393.57,109.88,103.88,67.21,61.63,15.45,0.97,50.02,1327753.88
2026-03-09 17:54:49,393.27,393.19,393.57,112.69,103.8,69.87,62.89,15.38,0.97,50.01,1327754.0
2026-03-09 17:55:45,393.08,393.18,393.73,112.14,103.93,74.9,63.97,15.37,0.97,50.0,1327755.0
2026-03-09 17:55:52,393.2,392.92,393.61,112.15,103.87,74.79,64.01,15.39,0.97,50.02,1327755.12
2026-03-09 17:56:48,393.79,393.59,394.08,105.63,107.29,74.39,63.34,15.29,0.97,50.02,1327756.0
2026-03-09 17:56:55,393.63,393.44,393.78,105.78,107.34,74.44,63.33,18.65,0.96,50.02,1327756.12
2026-03-09 17:57:51,393.45,393.58,393.94,111.05,107.83,77.9,65.47,15.03,0.97,50.04,1327757.12
2026-03-09 17:57:58,393.56,393.35,393.86,111.1,107.58,74.41,64.64,15.03,0.97,50.04,1327757.25
2026-03-09 17:58:54,392.91,393.05,393.51,110.72,107.51,74.07,64.39,15.01,0.97,50.0,1327758.38
2026-03-09 17:59:01,393.1,393.11,393.58,110.77,107.45,74.23,64.44,14.98,0.97,50.01,1327758.5
2026-03-09 17:59:56,393.16,393.39,393.89,124.99,107.44,74.33,67.61,15.92,0.97,50.02,1327759.5
2026-03-09 18:00:03,393.47,393.47,393.96,111.33,107.35,74.29,64.63,15.05,0.97,49.99,1327759.62
2026-03-09 18:00:59,393.35,393.33,394.0,118.18,107.69,71.84,65.48,16.21,0.97,49.99,1327760.62
2026-03-09 18:01:06,393.46,393.58,394.27,118.18,107.65,71.54,65.48,16.07,0.97,50.01,1327760.75
2026-03-09 18:02:02,393.44,393.56,394.13,119.53,107.45,72.42,66.05,15.57,0.97,50.05,1327761.75
2026-03-09 18:02:09,393.29,393.25,394.06,119.56,107.53,71.63,65.85,15.45,0.97,50.04,1327761.88
2026-03-09 18:03:05,393.21,393.25,393.88,119.14,107.62,75.16,66.6,15.33,0.97,49.99,1327763.0
2026-03-09 18:03:12,393.47,393.34,394.11,119.09,107.62,71.59,65.77,15.36,0.97,49.99,1327763.12
2026-03-09 18:04:07,392.97,393.32,394.08,119.9,107.65,71.58,65.97,15.36,0.97,50.02,1327764.12
2026-03-09 18:04:14,393.08,393.19,393.95,120.0,107.56,71.7,65.97,15.35,0.97,50.0,1327764.25
2026-03-09 18:05:10,391.99,393.07,393.97,151.73,107.49,71.7,72.83,17.33,0.97,49.96,1327765.25
2026-03-09 18:05:17,392.89,393.41,394.2,139.43,115.76,75.2,72.63,17.49,0.97,49.96,1327765.38
2026-03-09 18:06:13,392.43,393.04,393.83,140.61,115.99,81.61,74.36,17.52,0.97,49.99,1327766.5
2026-03-09 18:06:20,392.17,392.83,393.73,140.56,116.03,79.45,73.31,17.45,0.97,49.97,1327766.62
2026-03-09 18:07:16,392.08,393.15,394.19,152.79,115.65,71.63,74.6,18.59,0.97,50.02,1327767.75
2026-03-09 18:07:23,391.94,392.99,393.95,153.15,115.86,71.68,74.71,18.59,0.97,50.01,1327767.88
2026-03-09 18:08:19,391.82,392.46,393.54,153.82,116.64,71.67,74.99,18.56,0.97,49.98,1327769.25
2026-03-09 18:08:25,391.92,392.68,393.74,153.67,116.66,71.64,74.98,18.57,0.97,49.99,1327769.38
2026-03-09 18:09:21,392.12,393.02,393.86,155.29,115.56,75.15,76.01,18.53,0.97,50.03,1327770.5
2026-03-09 18:09:28,392.06,393.09,394.1,155.49,115.52,71.51,75.12,18.46,0.97,50.02,1327770.62
2026-03-09 18:10:24,391.71,393.14,393.87,167.72,115.58,71.84,77.91,19.54,0.97,50.0,1327771.75
2026-03-09 18:10:31,391.43,392.89,393.83,170.68,115.44,71.64,78.42,19.67,0.97,50.0,1327771.88
2026-03-09 18:11:27,390.47,391.55,392.57,156.41,115.91,71.7,75.24,18.4,0.97,49.98,1327773.12
2026-03-09 18:11:34,391.92,392.79,393.92,156.22,115.89,71.6,75.38,18.65,0.97,49.99,1327773.25
2026-03-09 18:12:30,391.68,392.88,393.85,155.78,115.48,71.53,75.19,18.54,0.97,49.97,1327774.5
2026-03-09 18:12:37,391.61,392.83,393.65,155.77,115.43,71.49,75.11,18.54,0.97,49.96,1327774.62
2026-03-09 18:13:32,392.34,393.1,393.87,143.79,115.37,75.79,73.57,17.63,0.97,49.98,1327775.75
2026-03-09 18:13:39,392.28,392.95,393.77,143.64,115.35,75.4,73.52,17.67,0.97,49.98,1327775.88
2026-03-09 18:14:35,392.31,393.04,394.03,144.08,115.96,76.15,74.28,17.56,0.97,49.96,1327777.0
2026-03-09 18:14:42,392.14,392.85,393.54,143.89,117.52,76.09,74.2,17.56,0.97,49.95,1327777.25
2026-03-09 18:15:38,391.92,392.76,393.43,148.5,117.1,76.15,75.01,18.19,0.97,49.96,1327778.38
2026-03-09 18:15:45,391.99,392.71,393.48,148.54,117.14,76.16,75.03,18.14,0.97,49.96,1327778.5
2026-03-09 18:16:41,392.28,392.8,393.48,134.68,117.32,76.05,72.05,17.39,0.97,49.96,1327779.75
2026-03-09 18:16:48,392.5,392.84,393.66,134.64,117.38,76.0,72.07,17.4,0.97,49.96,1327779.88
2026-03-09 18:17:43,392.66,393.35,394.04,136.51,108.79,75.17,70.67,16.44,0.97,49.98,1327780.88
2026-03-09 18:17:50,392.86,393.52,394.17,136.6,108.74,76.28,70.95,16.39,0.97,50.01,1327781.0
2026-03-09 18:18:46,392.83,393.64,394.07,136.84,108.45,77.78,71.32,16.42,0.97,50.03,1327782.12
2026-03-09 18:18:53,393.07,393.64,394.04,136.82,108.32,77.8,71.33,16.37,0.97,50.03,1327782.25
2026-03-09 18:19:49,392.19,392.89,393.49,139.4,108.26,77.83,71.75,16.3,0.97,49.96,1327783.38
2026-03-09 18:19:56,392.07,392.71,393.24,139.52,108.08,77.83,71.7,16.26,0.97,49.95,1327783.5
2026-03-09 18:20:52,392.91,393.26,393.8,127.21,108.38,76.07,68.82,15.35,0.97,50.0,1327784.75
2026-03-09 18:20:59,392.72,393.05,393.72,127.32,108.27,73.69,68.24,15.39,0.97,49.99,1327784.88
2026-03-09 18:21:55,392.65,392.85,393.43,126.43,108.39,77.93,68.95,15.49,0.97,49.95,1327785.88
2026-03-09 18:22:02,392.75,392.84,393.59,126.39,108.35,73.71,68.06,15.41,0.97,49.96,1327786.0
2026-03-09 18:22:57,392.5,392.77,393.38,124.08,108.44,73.59,67.49,15.35,0.97,49.95,1327787.0
2026-03-09 18:23:04,392.35,392.66,393.24,124.03,108.39,73.64,67.48,15.37,0.97,49.95,1327787.12
2026-03-09 18:24:00,392.2,392.69,393.26,132.48,108.45,79.7,70.78,15.31,0.97,49.96,1327788.12
2026-03-09 18:24:07,392.7,392.78,393.45,132.45,108.42,82.15,71.33,15.43,0.97,49.96,1327788.25
2026-03-09 18:25:03,392.21,392.96,393.81,141.87,108.23,73.9,71.49,15.99,0.97,50.04,1327789.5
2026-03-09 18:25:10,392.02,392.74,393.69,143.63,108.23,73.72,71.79,16.06,0.97,50.03,1327789.62
2026-03-09 18:26:06,392.62,393.02,393.7,126.5,108.18,73.75,68.05,15.44,0.97,49.96,1327790.62
2026-03-09 18:26:13,392.61,392.72,393.49,126.75,108.15,73.77,68.12,15.41,0.97,49.96,1327790.75
2026-03-09 18:27:09,392.68,392.86,393.51,127.27,108.12,73.81,68.2,15.43,0.97,49.96,1327791.88
2026-03-09 18:27:15,392.54,392.98,393.76,138.59,108.18,73.9,70.69,16.19,0.97,49.97,1327792.0
2026-03-09 18:28:11,392.18,392.31,392.98,127.33,108.02,73.78,68.08,15.34,0.97,49.96,1327793.0
2026-03-09 18:28:18,392.36,392.35,392.99,127.43,108.07,73.78,68.11,15.36,0.97,49.95,1327793.12
2026-03-09 18:29:14,392.11,392.2,392.89,127.53,108.15,73.86,68.17,15.3,0.97,49.97,1327794.25
2026-03-09 18:29:21,392.34,392.41,393.09,127.24,108.08,73.88,68.15,15.35,0.97,49.97,1327794.25
2026-03-09 18:30:17,392.24,392.3,393.0,127.6,108.14,73.78,68.19,15.33,0.97,49.99,1327795.5
2026-03-09 18:30:24,392.42,392.66,392.95,127.61,108.11,73.85,68.23,15.35,0.97,50.0,1327795.62
2026-03-09 18:31:20,392.56,392.74,393.37,132.2,108.01,73.98,69.28,15.27,0.97,50.02,1327796.62
2026-03-09 18:31:26,392.52,392.85,393.45,132.11,107.98,74.07,69.32,15.27,0.97,50.04,1327796.75
2026-03-09 18:32:22,392.1,392.47,392.92,132.13,107.96,75.94,69.66,15.29,0.97,49.96,1327797.88
2026-03-09 18:32:29,391.82,391.83,392.2,143.56,108.06,74.1,71.62,15.96,0.97,49.96,1327798.0
2026-03-09 18:33:25,391.86,392.18,392.64,132.13,107.93,74.0,69.16,15.28,0.97,49.96,1327799.0
2026-03-09 18:33:32,391.85,392.11,392.61,132.15,108.02,74.05,69.19,15.31,0.97,49.96,1327799.12
2026-03-09 18:34:28,392.08,392.23,392.83,131.38,108.75,74.09,69.24,15.3,0.97,49.99,1327800.38
2026-03-09 18:34:35,392.21,392.21,392.86,131.46,108.59,73.96,69.17,15.26,0.97,50.0,1327800.5
2026-03-09 18:35:31,392.15,392.25,392.83,131.7,108.11,74.05,69.16,15.18,0.97,50.01,1327801.5
2026-03-09 18:35:38,392.13,392.34,392.89,131.68,108.09,74.18,69.2,15.16,0.97,50.02,1327801.62
2026-03-09 18:36:33,392.27,392.41,392.78,131.26,108.17,77.96,70.0,15.2,0.97,49.99,1327802.75
2026-03-09 18:36:40,392.22,392.4,392.68,131.27,108.19,75.79,69.49,15.24,0.97,50.02,1327802.88
2026-03-09 18:37:36,392.21,392.36,392.88,131.18,110.07,74.11,69.58,15.1,0.97,50.05,1327803.88
2026-03-09 18:37:43,392.08,392.28,392.73,147.47,110.08,74.14,72.54,18.84,0.97,50.04,1327804.0
2026-03-09 18:38:39,392.36,392.41,392.74,131.24,109.24,82.16,71.09,15.56,0.97,50.05,1327805.12
2026-03-09 18:38:46,392.22,392.38,392.69,131.19,109.21,77.75,70.06,15.52,0.97,50.05,1327805.25
2026-03-09 18:39:42,391.57,392.38,392.34,135.74,98.28,74.38,67.64,16.45,0.97,50.0,1327806.38
2026-03-09 18:39:49,391.51,392.34,392.09,135.67,98.35,74.09,67.52,16.43,0.97,50.01,1327806.5
2026-03-09 18:40:45,391.65,392.69,392.6,148.41,98.07,74.19,70.55,16.85,0.97,50.05,1327807.62
2026-03-09 18:40:51,391.61,392.3,392.23,135.53,98.21,74.14,67.66,15.95,0.97,50.04,1327807.75
2026-03-09 18:41:47,391.79,392.38,392.35,132.05,98.38,74.06,66.93,15.68,0.97,50.02,1327808.75
2026-03-09 18:41:54,391.88,392.5,392.47,132.1,98.01,74.08,66.94,15.51,0.97,50.01,1327808.88
2026-03-09 18:42:50,392.09,392.62,392.44,131.93,97.9,73.96,66.82,15.61,0.97,50.03,1327809.88
2026-03-09 18:42:57,392.0,392.79,392.44,131.93,96.71,73.95,66.62,15.28,0.97,50.02,1327810.0
2026-03-09 18:43:53,391.98,392.67,392.65,131.98,96.7,73.93,66.67,15.32,0.97,50.04,1327811.12
2026-03-09 18:44:00,391.82,392.45,392.28,131.7,97.77,73.89,66.73,15.63,0.97,50.04,1327811.25
2026-03-09 18:44:56,391.75,392.3,392.33,131.79,97.8,74.65,66.85,15.68,0.97,50.02,1327812.25
2026-03-09 18:45:03,391.43,392.39,391.89,131.9,98.0,74.01,66.77,15.58,0.97,49.98,1327812.38
2026-03-09 18:45:58,391.21,392.13,391.67,142.65,96.73,87.61,71.91,17.02,0.97,49.99,1327813.38
2026-03-09 18:46:05,391.01,391.99,391.73,144.88,96.76,88.02,72.37,17.15,0.97,49.96,1327813.62
2026-03-09 18:47:01,391.85,392.6,392.22,131.99,96.55,87.44,69.55,16.23,0.97,50.0,1327814.62
2026-03-09 18:47:08,391.72,392.35,392.05,132.01,96.47,87.33,69.47,16.2,0.97,49.99,1327814.75
2026-03-09 18:48:04,391.7,392.19,392.13,132.79,110.38,89.99,73.21,17.38,0.97,50.0,1327815.88
2026-03-09 18:48:11,391.69,392.24,392.31,132.59,107.21,86.27,71.65,17.39,0.97,50.0,1327816.12
2026-03-09 18:49:07,391.09,391.54,392.01,147.98,121.69,86.42,78.0,19.35,0.97,49.97,1327817.25
2026-03-09 18:49:14,391.08,391.52,391.85,147.91,121.4,86.41,77.85,19.26,0.97,49.99,1327817.38
2026-03-09 18:50:10,391.62,392.18,392.02,133.01,107.15,86.68,71.73,17.29,0.97,49.97,1327818.5
2026-03-09 18:50:16,391.68,392.32,392.16,132.88,107.18,86.61,71.69,17.26,0.97,49.97,1327818.62
2026-03-09 18:51:12,391.24,392.17,391.91,144.55,107.38,87.04,74.34,18.0,0.97,50.01,1327819.75
2026-03-09 18:51:19,391.35,392.15,391.97,144.76,107.23,86.9,74.31,18.03,0.97,50.0,1327819.88
2026-03-09 18:52:15,392.21,392.64,392.42,133.71,107.11,91.02,72.96,17.28,0.97,50.03,1327821.0
2026-03-09 18:52:22,392.1,392.53,392.46,133.64,107.22,86.95,72.01,17.32,0.97,50.02,1327821.12
2026-03-09 18:53:18,391.86,392.35,392.44,138.57,108.2,86.91,73.36,17.27,0.97,50.04,1327822.38
2026-03-09 18:53:25,392.04,392.6,392.66,138.63,108.03,86.92,73.37,17.3,0.97,50.04,1327822.5
2026-03-09 18:54:21,391.66,392.2,392.29,138.95,107.99,87.08,73.38,17.32,0.97,50.03,1327823.62
2026-03-09 18:54:27,391.78,392.17,392.14,133.62,107.96,91.15,72.96,17.49,0.97,50.02,1327823.75
2026-03-09 18:55:23,391.92,392.53,392.47,136.07,108.1,86.88,72.66,17.39,0.97,50.05,1327824.88
2026-03-09 18:55:30,392.08,392.65,392.55,135.18,108.2,86.94,72.6,17.31,0.97,50.05,1327825.0
2026-03-09 18:56:26,391.43,392.21,392.11,147.17,108.08,87.07,75.11,18.04,0.97,49.99,1327826.12
2026-03-09 18:56:33,391.57,392.45,392.15,146.04,108.03,87.04,74.86,17.99,0.97,50.01,1327826.25
2026-03-09 18:57:29,392.23,392.55,392.52,133.05,108.21,87.01,72.14,17.31,0.97,50.04,1327827.5
2026-03-09 18:57:36,392.2,392.53,392.42,133.01,108.23,87.05,72.14,17.26,0.97,50.04,1327827.62
2026-03-09 18:58:32,392.29,393.09,392.55,132.85,99.3,91.18,71.3,16.26,0.97,50.02,1327828.62
2026-03-09 18:58:38,392.09,392.92,392.49,132.91,99.3,87.12,70.37,16.22,0.97,50.02,1327828.75
2026-03-09 18:59:35,392.13,393.01,392.46,132.77,97.3,89.26,70.28,16.22,0.97,50.03,1327829.88
2026-03-09 18:59:41,392.05,392.81,392.39,132.55,97.09,88.5,70.03,16.25,0.97,50.03,1327830.0
2026-03-09 19:00:37,392.08,392.72,392.42,132.51,96.76,86.73,69.61,16.22,0.97,50.02,1327831.12
2026-03-09 19:00:44,392.13,392.93,392.46,132.63,96.85,86.7,69.61,16.24,0.97,50.03,1327831.25
2026-03-09 19:01:40,391.71,392.92,392.46,143.55,96.34,86.93,71.92,16.89,0.97,49.99,1327832.38
2026-03-09 19:01:47,391.42,392.56,392.22,143.0,96.35,86.89,71.76,16.83,0.97,49.99,1327832.5
2026-03-09 19:02:43,392.07,392.87,392.44,132.57,96.12,86.92,69.53,16.05,0.97,50.04,1327833.62
2026-03-09 19:02:50,392.37,393.22,392.79,132.34,96.1,86.81,69.46,16.05,0.97,50.04,1327833.75
2026-03-09 19:03:46,392.23,392.74,392.59,132.64,106.62,87.19,71.74,17.16,0.97,50.0,1327834.88
2026-03-09 19:03:52,392.03,392.49,392.39,132.61,106.61,93.32,73.04,17.62,0.97,50.0,1327835.0
2026-03-09 19:04:48,392.48,392.95,392.83,132.56,106.61,87.25,71.83,17.22,0.97,50.04,1327836.0
2026-03-09 19:04:55,392.42,392.94,392.81,132.74,106.69,87.19,71.84,17.19,0.97,50.05,1327836.25
2026-03-09 19:05:51,391.45,392.01,391.89,132.73,108.04,87.12,71.89,17.53,0.97,49.91,1327837.25
2026-03-09 19:05:58,391.87,392.42,392.26,132.76,108.01,87.09,71.9,17.54,0.97,49.93,1327837.5
2026-03-09 19:06:54,392.04,392.8,392.56,132.75,108.35,87.1,72.04,17.55,0.96,49.95,1327838.62
2026-03-09 19:07:01,391.63,392.66,392.47,144.61,108.35,87.24,74.57,18.32,0.97,49.95,1327838.75
2026-03-09 19:07:57,391.8,392.19,392.22,132.91,108.46,87.13,72.08,17.56,0.97,49.95,1327839.88
2026-03-09 19:08:03,391.83,392.33,392.18,132.9,108.92,87.31,72.23,17.54,0.97,49.95,1327840.0
2026-03-09 19:09:00,391.75,392.15,392.16,133.34,113.38,87.79,72.77,18.56,0.97,49.95,1327841.12
2026-03-09 19:09:06,392.02,392.42,392.28,133.4,117.59,90.69,74.87,18.73,0.97,49.96,1327841.25
2026-03-09 19:10:02,392.05,392.4,392.38,132.13,116.38,87.22,73.73,17.71,0.97,49.96,1327842.38
2026-03-09 19:10:09,392.02,392.73,392.7,131.97,108.02,87.22,71.84,17.53,0.97,49.96,1327842.5
2026-03-09 19:11:05,392.15,392.81,392.5,132.3,112.86,87.07,72.94,17.69,0.97,49.99,1327843.75
2026-03-09 19:11:12,391.92,392.39,392.38,132.49,112.68,87.84,73.09,17.71,0.97,50.01,1327843.88
2026-03-09 19:12:08,391.95,392.46,392.39,132.44,110.67,87.24,72.5,17.55,0.97,49.98,1327845.0
2026-03-09 19:12:14,391.7,392.42,392.39,142.06,112.57,88.09,76.81,18.56,0.97,49.97,1327845.12
2026-03-09 19:13:10,391.7,392.05,392.11,132.07,112.53,82.88,73.5,17.36,0.97,49.97,1327846.25
2026-03-09 19:13:17,391.79,392.0,392.12,132.24,115.02,83.0,72.52,17.35,0.97,49.98,1327846.38
2026-03-09 19:14:13,391.96,392.45,392.69,130.9,107.09,69.7,67.66,15.78,0.97,50.03,1327847.38
2026-03-09 19:14:20,392.12,392.59,392.86,130.81,108.7,69.65,68.0,15.89,0.97,50.04,1327847.5
2026-03-09 19:15:16,391.52,392.49,392.69,144.5,106.96,71.64,70.99,16.77,0.97,50.04,1327848.75
2026-03-09 19:15:23,391.93,392.51,392.73,130.37,106.83,69.53,67.46,15.78,0.97,50.04,1327848.88
2026-03-09 19:16:19,392.03,392.61,392.82,130.53,106.58,69.56,67.45,15.79,0.97,50.05,1327849.88
2026-03-09 19:16:26,392.02,392.64,392.84,130.57,106.52,69.6,67.43,15.77,0.97,50.05,1327850.0
2026-03-09 19:17:22,391.53,392.14,392.31,131.55,106.57,72.46,68.23,15.92,0.97,49.95,1327851.0
2026-03-09 19:17:28,391.24,391.84,392.09,131.77,106.66,69.64,67.58,15.93,0.97,49.93,1327851.12
2026-03-09 19:18:24,391.77,392.35,392.67,131.16,106.67,69.71,67.59,15.8,0.97,50.05,1327852.12
2026-03-09 19:18:31,391.73,392.29,392.6,131.25,106.68,69.64,67.59,15.86,0.97,50.05,1327852.25
2026-03-09 19:19:27,391.72,392.3,392.63,131.14,108.09,69.72,67.93,15.82,0.97,50.04,1327853.5
2026-03-09 19:19:34,391.55,392.17,392.5,131.4,108.2,69.73,67.99,15.85,0.97,50.04,1327853.62
2026-03-09 19:20:30,391.4,392.1,392.48,144.7,109.51,69.73,71.16,16.71,0.97,50.03,1327854.62
2026-03-09 19:20:37,391.62,391.94,392.37,131.34,113.36,69.7,69.17,15.87,0.97,50.04,1327854.75
2026-03-09 19:21:33,391.7,392.2,392.47,131.58,108.5,69.86,68.12,15.89,0.97,50.05,1327855.75
2026-03-09 19:21:40,391.86,392.3,392.68,131.36,108.47,69.72,68.07,15.93,0.97,50.05,1327855.88
2026-03-09 19:22:36,392.33,392.68,393.13,131.44,107.47,69.75,67.92,15.96,0.97,50.04,1327857.0
2026-03-09 19:22:42,392.35,392.66,393.15,131.28,107.4,69.73,67.85,15.91,0.97,50.05,1327857.12
2026-03-09 19:23:38,392.42,393.18,393.17,132.12,96.89,69.77,65.91,15.13,0.97,50.04,1327858.12
2026-03-09 19:23:45,392.39,393.27,393.17,132.12,96.88,73.39,66.71,15.12,0.97,50.02,1327858.25
2026-03-09 19:24:41,392.27,393.08,393.13,131.82,96.7,69.66,65.75,15.08,0.97,50.04,1327859.38
2026-03-09 19:24:48,392.41,393.25,393.32,131.84,96.63,69.63,65.74,15.1,0.97,50.05,1327859.5
2026-03-09 19:25:44,392.61,393.9,393.96,149.7,96.56,69.74,69.75,16.16,0.97,50.05,1327860.5
2026-03-09 19:25:51,392.76,393.84,393.83,137.53,96.66,73.31,67.97,15.25,0.97,50.04,1327860.62
2026-03-09 19:26:47,392.93,393.74,393.85,131.85,96.56,69.64,65.78,15.3,0.97,50.04,1327861.62
2026-03-09 19:26:53,392.75,393.57,393.63,132.08,96.58,69.69,65.82,15.29,0.97,50.04,1327861.75
2026-03-09 19:27:49,392.4,393.51,393.55,140.2,96.79,69.73,67.72,15.26,0.97,50.03,1327862.75
2026-03-09 19:27:56,392.45,393.49,393.54,140.21,96.76,69.74,67.71,15.27,0.97,50.02,1327862.88
2026-03-09 19:28:52,392.22,393.03,393.33,140.4,107.27,69.74,69.88,16.3,0.97,50.01,1327864.12
2026-03-09 19:28:59,392.26,393.11,393.44,140.42,107.3,69.7,69.9,16.33,0.97,50.0,1327864.25
2026-03-09 19:29:55,392.45,393.23,393.5,140.22,105.95,69.69,69.63,16.0,0.97,50.01,1327865.25
2026-03-09 19:30:02,392.35,393.08,393.35,140.19,105.99,69.71,69.63,15.99,0.97,50.0,1327865.38
2026-03-09 19:30:58,392.28,393.47,393.68,151.9,106.16,69.7,72.26,16.75,0.97,50.04,1327866.5
2026-03-09 19:31:05,392.18,393.35,393.58,153.64,106.06,69.84,72.63,16.81,0.97,50.04,1327866.62
2026-03-09 19:32:01,392.39,393.24,393.45,140.27,105.86,69.53,69.6,15.95,0.97,49.98,1327867.75
2026-03-09 19:32:07,392.24,393.13,393.48,140.42,105.85,69.57,69.63,16.0,0.97,49.96,1327867.88
2026-03-09 19:33:03,392.7,393.47,393.72,139.98,106.09,69.55,69.62,16.02,0.97,49.96,1327868.88
2026-03-09 19:33:10,392.83,393.65,393.9,139.87,105.9,69.54,69.57,16.01,0.97,49.98,1327869.0
2026-03-09 19:34:06,393.01,393.62,393.76,132.13,106.08,70.6,68.13,15.97,0.97,50.02,1327870.25
2026-03-09 19:34:13,393.08,393.76,393.77,132.1,106.22,73.91,68.89,15.98,0.97,50.03,1327870.38
2026-03-09 19:35:09,392.81,393.4,393.5,131.8,105.88,70.23,67.86,15.91,0.97,49.98,1327871.38
2026-03-09 19:35:16,392.68,393.29,393.42,131.98,105.91,70.3,67.92,15.9,0.97,49.98,1327871.5
2026-03-09 19:36:12,392.26,393.19,393.3,143.05,105.92,70.28,70.29,16.62,0.97,50.0,1327872.5
2026-03-09 19:36:18,392.18,393.17,393.28,145.07,105.91,70.26,70.72,16.71,0.97,50.0,1327872.62
2026-03-09 19:37:15,392.69,393.31,393.51,131.94,105.83,70.24,67.9,15.82,0.97,50.03,1327873.75
2026-03-09 19:37:21,392.66,393.27,393.46,131.91,105.77,70.23,67.89,15.82,0.97,50.04,1327873.88
2026-03-09 19:38:17,392.64,393.33,393.52,133.34,105.79,70.15,68.19,15.81,0.97,50.0,1327875.0
2026-03-09 19:38:24,392.61,393.29,393.41,133.26,105.84,70.13,68.15,15.8,0.97,50.0,1327875.12
2026-03-09 19:39:20,392.5,393.22,393.27,133.57,106.02,74.52,69.28,15.87,0.97,49.99,1327876.12
2026-03-09 19:39:27,392.5,393.22,393.33,133.38,105.98,73.27,67.95,15.85,0.97,50.01,1327876.25
2026-03-09 19:40:23,392.37,393.0,393.18,131.27,105.85,70.19,67.67,15.73,0.97,50.01,1327877.38
2026-03-09 19:40:30,392.31,392.89,393.09,131.25,105.77,70.1,67.64,15.75,0.97,49.98,1327877.5
2026-03-09 19:41:26,391.75,392.67,392.84,141.45,105.72,70.24,69.81,16.41,0.97,50.0,1327878.5
2026-03-09 19:41:32,390.61,391.58,391.67,142.92,105.86,71.66,70.32,16.32,0.97,50.0,1327878.62
2026-03-09 19:42:28,391.89,392.4,392.58,130.68,105.52,70.27,67.42,15.65,0.97,49.99,1327879.62
2026-03-09 19:42:35,391.89,392.46,392.63,130.64,105.49,70.3,67.4,15.67,0.97,49.97,1327879.75
2026-03-09 19:43:31,392.2,392.58,392.87,130.58,115.27,70.31,69.81,15.58,0.97,50.02,1327880.88
2026-03-09 19:43:38,392.27,392.59,392.89,130.61,115.28,70.36,69.83,15.6,0.97,50.01,1327881.12
2026-03-09 19:44:34,391.97,392.24,392.47,130.55,113.09,70.49,69.25,15.57,0.97,49.99,1327882.12
2026-03-09 19:44:41,391.79,392.17,392.35,130.44,113.16,70.47,69.23,15.55,0.97,49.99,1327882.25
2026-03-09 19:45:37,392.66,392.99,393.16,130.48,113.03,70.25,69.3,15.61,0.97,50.04,1327883.38
2026-03-09 19:45:43,392.57,392.93,393.14,130.37,112.98,70.23,69.25,15.6,0.97,50.05,1327883.5
2026-03-09 19:46:39,392.01,393.01,393.18,144.34,113.36,70.31,72.32,16.79,0.97,49.98,1327884.5
2026-03-09 19:46:46,392.53,393.25,393.37,143.15,113.31,73.27,72.86,16.75,0.97,50.01,1327884.62
2026-03-09 19:47:42,392.2,392.71,392.86,132.52,113.11,70.24,69.67,15.96,0.97,49.97,1327885.88
2026-03-09 19:47:49,392.17,392.77,392.77,132.39,113.1,70.24,69.65,15.94,0.97,49.97,1327886.0
2026-03-10 09:00:44,392.49,393.43,392.72,89.07,65.88,73.68,47.79,19.48,0.92,50.05,1328539.88
2026-03-10 09:00:51,392.87,393.51,392.97,90.57,65.76,73.53,48.72,19.46,0.92,50.05,1328539.88
2026-03-10 09:01:47,393.32,393.76,393.18,84.48,66.61,67.21,45.34,19.5,0.91,50.04,1328540.62
2026-03-10 09:01:53,392.83,393.54,392.92,86.8,66.64,67.88,46.06,19.6,0.92,50.04,1328540.75
2026-03-10 09:02:50,393.2,393.76,393.37,86.18,69.01,66.93,46.31,19.54,0.92,50.03,1328541.5
2026-03-10 09:02:56,393.56,394.2,393.78,86.38,69.42,68.41,46.82,19.73,0.92,50.04,1328541.62
2026-03-10 09:03:53,394.23,394.28,393.68,72.61,77.15,73.5,46.88,19.78,0.92,50.04,1328542.38
2026-03-10 09:03:59,393.76,393.63,393.88,72.42,77.13,67.32,44.93,19.9,0.91,50.04,1328542.38
2026-03-10 09:04:55,393.8,393.41,393.37,72.26,77.06,67.11,44.79,19.73,0.91,50.04,1328543.12
2026-03-10 09:05:02,393.3,392.93,393.1,72.46,77.1,66.99,44.84,19.79,0.91,50.03,1328543.12
2026-03-10 09:06:36,393.49,393.41,393.25,73.65,77.41,79.67,47.81,21.01,0.91,49.99,1328544.38
2026-03-10 09:06:43,393.75,393.16,393.16,73.56,77.25,79.28,47.67,21.02,0.91,50.0,1328544.5
2026-03-10 09:07:39,394.0,393.46,393.1,86.11,78.26,77.14,50.06,21.86,0.91,50.05,1328545.25
2026-03-10 09:07:45,392.91,393.11,392.7,86.08,78.2,76.82,49.96,21.87,0.91,50.04,1328545.25
2026-03-10 09:08:42,393.48,393.3,392.92,73.4,78.16,67.16,45.3,19.82,0.91,50.05,1328546.0
2026-03-10 09:08:48,393.71,393.32,393.41,73.3,85.0,70.34,47.32,20.86,0.91,50.04,1328546.12
2026-03-10 09:09:45,393.69,393.01,393.13,62.38,84.78,70.93,44.98,20.07,0.91,49.96,1328546.88
2026-03-10 09:09:55,393.65,393.28,393.0,73.44,84.8,71.12,47.41,20.95,0.91,49.96,1328547.0
2026-03-10 09:10:47,393.52,393.08,393.12,63.88,85.02,71.33,45.44,20.24,0.91,50.0,1328547.75
2026-03-10 09:10:58,394.3,393.33,393.44,66.7,85.27,71.57,46.23,20.47,0.91,50.03,1328547.88
2026-03-10 09:11:50,392.38,392.06,391.63,65.72,83.75,66.2,44.33,19.97,0.91,50.04,1328548.5
2026-03-10 09:12:01,393.23,392.55,392.35,65.89,83.89,66.47,44.49,20.12,0.91,50.02,1328548.62
2026-03-10 09:12:53,393.32,392.53,392.55,65.21,86.2,66.55,44.92,20.21,0.91,49.99,1328549.25
2026-03-10 09:13:03,392.86,392.48,392.26,65.08,83.83,66.42,44.23,20.18,0.91,50.01,1328549.38
2026-03-10 09:13:55,393.31,392.73,392.71,64.64,83.85,67.16,44.36,20.27,0.91,50.05,1328550.0
2026-03-10 09:14:06,393.64,393.18,393.0,64.61,84.04,67.25,44.4,20.24,0.91,50.05,1328550.12
2026-03-10 09:14:58,393.66,393.24,393.21,73.7,84.25,69.43,47.16,20.14,0.91,50.04,1328550.88
2026-03-10 09:15:09,393.06,392.32,392.52,74.0,83.89,69.36,47.14,20.07,0.92,50.04,1328551.0
2026-03-10 09:16:01,393.08,392.64,392.87,74.57,85.74,65.49,47.23,20.14,0.92,50.04,1328551.62
2026-03-10 09:16:12,393.08,392.88,392.75,74.28,85.48,65.52,46.7,20.07,0.91,50.04,1328551.75
2026-03-10 09:17:04,392.62,392.15,392.14,73.55,85.14,64.83,46.2,20.02,0.91,49.95,1328552.62
2026-03-10 09:17:14,392.9,392.48,392.57,73.35,85.15,68.02,46.87,20.31,0.91,49.96,1328552.75
2026-03-10 09:18:07,0.0,392.33,0.0,73.55,392.46,64.43,73.55,20.14,64.37,49.99,20.14
2026-03-10 09:18:21,392.84,392.56,392.61,73.78,86.54,71.9,48.3,20.18,0.92,49.99,1328553.5
2026-03-10 09:19:10,391.81,391.93,392.18,87.32,87.18,71.58,51.32,20.79,0.92,50.01,1328554.25
2026-03-10 09:19:24,391.45,391.43,391.52,87.25,86.93,70.58,51.0,20.82,0.92,50.01,1328554.38
2026-03-10 09:20:13,392.45,391.95,392.0,73.33,87.24,68.61,47.66,19.77,0.92,49.98,1328555.0
2026-03-10 09:20:26,392.59,392.58,392.54,72.77,86.97,68.45,47.45,19.74,0.92,49.99,1328555.25
2026-03-10 09:21:16,393.04,392.81,392.35,84.72,80.3,72.22,49.77,19.66,0.93,50.04,1328555.88
2026-03-10 09:21:29,392.92,393.05,392.79,85.91,80.25,68.6,49.15,19.71,0.92,50.04,1328556.0
2026-03-10 09:22:18,392.68,392.62,392.47,72.59,79.83,71.55,46.8,18.78,0.92,49.96,1328556.62
2026-03-10 09:22:32,392.36,392.25,392.05,72.51,79.74,69.11,46.15,18.91,0.92,49.96,1328556.88
2026-03-10 09:23:21,393.52,393.01,392.79,62.44,70.25,67.38,41.68,16.92,0.92,49.97,1328557.62
2026-03-10 09:23:35,393.96,393.57,392.69,61.89,70.37,67.26,41.69,16.88,0.92,49.99,1328557.75
2026-03-10 09:24:24,393.79,393.35,392.87,62.07,71.99,67.25,42.22,16.76,0.92,50.01,1328558.25
2026-03-10 09:24:37,393.73,393.37,392.85,62.1,72.25,70.74,43.1,16.77,0.93,50.03,1328558.5
2026-03-10 09:25:27,393.49,393.16,393.06,61.76,71.23,64.6,41.35,16.69,0.92,50.04,1328559.0
2026-03-10 09:25:40,393.49,393.11,392.95,62.2,71.34,63.94,41.24,16.82,0.92,50.03,1328559.12
2026-03-10 09:26:29,392.67,393.23,393.04,87.41,71.41,63.75,46.56,18.81,0.92,50.04,1328559.75
2026-03-10 09:26:43,392.85,392.95,393.12,88.75,81.1,63.84,48.81,20.02,0.92,50.03,1328560.0
2026-03-10 09:27:32,393.25,392.9,393.26,76.61,81.81,64.1,46.45,19.13,0.92,50.04,1328560.62
2026-03-10 09:27:46,392.84,392.75,392.88,76.1,81.71,63.92,46.26,19.12,0.92,50.04,1328560.75
2026-03-10 09:28:35,392.22,392.09,392.28,86.75,81.69,63.7,48.46,19.8,0.92,50.0,1328561.38
2026-03-10 09:28:48,392.86,392.85,392.94,86.97,81.8,62.0,48.09,19.99,0.92,50.02,1328561.5
2026-03-10 09:29:38,392.98,392.75,392.73,75.29,84.75,64.56,46.89,19.37,0.92,50.02,1328562.12
2026-03-10 09:29:51,392.68,392.65,392.77,75.52,81.78,61.85,45.51,19.24,0.92,50.01,1328562.38
2026-03-10 09:30:41,392.94,392.64,392.54,75.57,81.99,68.17,47.14,19.33,0.92,50.0,1328563.12
2026-03-10 09:30:54,392.69,392.57,392.75,86.22,81.76,64.38,49.33,20.21,0.92,49.99,1328563.25
2026-03-10 09:31:44,393.35,392.53,392.52,65.28,80.82,60.8,43.01,18.13,0.92,50.01,1328563.88
2026-03-10 09:31:57,393.14,392.47,392.95,65.16,80.59,60.82,43.02,18.11,0.92,50.0,1328564.0
2026-03-10 09:32:47,392.92,392.13,392.57,65.3,82.85,60.71,43.5,18.12,0.92,49.98,1328564.62
2026-03-10 09:33:00,392.83,391.88,392.32,65.21,82.81,62.41,44.34,18.46,0.92,49.97,1328564.75
2026-03-10 09:33:50,393.01,392.44,392.27,66.78,82.9,62.65,44.36,18.0,0.92,50.0,1328565.38
2026-03-10 09:34:03,393.08,392.51,392.64,67.07,83.02,69.27,46.05,18.01,0.93,49.99,1328565.62
2026-03-10 09:34:53,392.41,392.35,392.23,78.4,81.56,71.95,48.59,19.15,0.93,49.98,1328566.25
2026-03-10 09:35:06,392.3,392.39,392.42,78.12,81.3,64.84,46.79,19.39,0.92,49.98,1328566.38
2026-03-10 09:41:53,398.52,398.53,398.71,78.45,82.28,62.13,46.65,20.31,0.91,50.04,1328572.0
2026-03-10 09:42:06,398.97,398.86,398.27,74.7,83.75,68.42,47.88,20.11,0.92,50.04,1328572.12
2026-03-10 09:42:56,398.86,398.6,398.92,86.4,81.84,64.96,49.71,21.13,0.92,50.03,1328572.75
2026-03-10 09:43:09,398.96,398.84,398.78,74.14,81.87,67.97,47.14,20.34,0.91,50.03,1328572.88
2026-03-10 09:43:59,398.73,398.8,398.49,74.53,82.09,66.23,46.86,20.43,0.91,50.01,1328573.62
2026-03-10 09:44:12,398.8,398.51,398.58,74.58,82.06,61.62,45.72,20.21,0.91,50.02,1328573.88
2026-03-10 09:45:01,397.95,397.62,398.22,87.79,89.57,61.97,50.03,22.1,0.91,49.96,1328574.5
2026-03-10 09:45:15,398.82,398.33,398.54,75.56,89.68,62.49,47.56,21.2,0.91,49.96,1328574.62
2026-03-10 09:46:04,398.66,398.01,398.63,75.78,93.22,63.33,48.86,21.06,0.91,50.03,1328575.38
2026-03-10 09:46:17,398.25,398.49,398.94,75.81,91.39,63.55,48.43,21.19,0.91,50.0,1328575.5
2026-03-10 09:47:07,399.12,398.39,398.81,75.29,89.36,62.96,47.71,20.73,0.91,50.02,1328576.12
2026-03-10 09:47:20,398.22,397.96,398.41,79.88,91.0,62.84,49.2,20.81,0.92,50.02,1328576.25
2026-03-10 09:48:10,398.73,398.14,398.67,67.69,89.32,62.5,46.01,19.99,0.91,50.03,1328576.88
2026-03-10 09:48:23,398.98,398.33,398.64,67.95,89.5,62.37,46.08,20.04,0.91,50.03,1328577.12
2026-03-10 09:49:12,398.24,398.06,398.48,79.0,89.32,62.66,48.46,20.89,0.91,50.02,1328577.75
2026-03-10 09:49:26,398.83,398.78,398.97,80.0,80.88,62.65,47.12,24.2,0.9,50.02,1328577.88
2026-03-10 09:50:15,398.79,399.01,398.93,80.79,79.29,62.6,46.67,20.53,0.91,50.02,1328578.5
2026-03-10 09:50:28,399.1,399.37,399.27,80.73,79.34,62.7,46.72,20.59,0.91,50.02,1328578.88
2026-03-10 09:51:18,398.3,398.67,398.6,89.75,78.91,62.45,48.28,21.41,0.91,50.01,1328579.5
2026-03-10 09:51:31,397.54,398.25,398.13,98.86,78.86,62.23,50.14,22.25,0.91,49.99,1328579.62
2026-03-10 09:52:21,398.28,398.58,398.5,88.41,78.74,62.14,47.9,21.45,0.91,49.99,1328580.25
2026-03-10 09:52:34,398.3,398.51,398.71,88.41,78.71,62.21,47.98,21.41,0.91,50.02,1328580.5
2026-03-10 09:53:24,0.0,0.0,398.45,0.0,-0.0,62.07,398.05,398.4,0.92,88.56,1328581.12
2026-03-10 09:53:43,397.99,398.27,398.49,98.56,86.73,62.33,52.29,22.21,0.92,49.99,1328581.38
2026-03-10 09:54:26,398.25,398.42,398.59,95.89,86.52,62.28,51.84,21.33,0.92,50.04,1328582.0
2026-03-10 09:54:46,398.27,398.48,398.76,95.84,86.31,62.15,51.81,21.35,0.92,50.04,1328582.25
2026-03-10 09:55:29,399.08,398.76,398.76,76.14,86.45,62.27,47.78,19.1,0.92,50.05,1328582.88
2026-03-10 09:55:48,398.67,398.52,398.92,85.38,86.46,62.63,49.18,21.29,0.92,50.05,1328583.12
2026-03-10 09:56:32,399.51,399.01,399.34,75.43,87.07,67.34,48.95,19.36,0.92,50.01,1328583.62
2026-03-10 09:56:51,398.97,398.59,399.06,75.31,87.54,73.64,50.65,19.23,0.93,49.99,1328583.88
2026-03-10 09:57:35,400.1,399.28,399.93,75.65,94.38,68.6,50.77,20.4,0.92,50.01,1328584.62
2026-03-10 09:57:54,400.01,399.62,400.28,75.57,93.75,65.26,49.77,20.51,0.92,50.02,1328584.88
2026-03-10 09:58:38,394.39,394.19,394.66,86.86,92.95,68.61,52.43,20.49,0.93,50.03,1328585.5
2026-03-10 09:58:57,394.31,394.24,394.75,86.3,92.46,66.66,51.76,20.39,0.93,50.03,1328585.75
2026-03-10 09:59:40,394.37,394.16,394.7,85.9,91.69,62.07,50.37,20.22,0.92,50.03,1328586.38
2026-03-10 09:59:59,394.48,394.17,394.91,85.59,91.84,62.05,50.35,20.26,0.92,50.03,1328586.62
2026-03-10 10:00:43,394.09,394.11,394.78,89.17,91.17,56.46,49.3,21.31,0.91,49.98,1328587.25
2026-03-10 10:01:02,394.42,393.91,394.62,76.82,91.54,56.57,46.8,20.32,0.91,50.01,1328587.5
2026-03-10 10:01:46,394.55,394.16,394.62,86.19,91.3,67.41,50.8,22.57,0.91,50.04,1328588.12
2026-03-10 10:02:05,394.54,394.58,394.81,86.77,85.4,66.91,49.81,21.65,0.91,50.04,1328588.38
2026-03-10 10:02:49,394.3,394.53,394.61,98.25,85.89,71.57,53.57,22.35,0.92,50.03,1328589.0
2026-03-10 10:03:08,394.3,394.35,394.63,97.71,86.02,68.58,52.74,22.33,0.92,50.01,1328589.25
2026-03-10 10:03:51,394.68,394.42,394.99,86.45,85.65,57.68,48.19,19.92,0.92,50.02,1328590.0
2026-03-10 10:04:10,394.36,394.45,395.02,86.41,85.51,58.22,48.27,19.89,0.92,50.01,1328590.25
2026-03-10 10:04:54,394.42,394.21,394.76,83.04,85.67,60.2,48.04,19.76,0.92,49.99,1328590.75
2026-03-10 10:05:13,394.33,394.22,394.66,82.94,85.25,59.79,47.84,19.39,0.92,49.97,1328591.0
2026-03-10 10:05:57,394.91,394.85,395.35,82.8,85.07,56.78,47.33,19.25,0.92,50.02,1328591.62
2026-03-10 10:06:16,394.61,394.61,395.06,82.92,84.83,56.92,47.31,19.2,0.92,50.02,1328591.88
2026-03-10 10:07:00,394.31,394.07,394.9,93.24,93.05,54.31,50.31,21.23,0.92,50.02,1328592.38
2026-03-10 10:07:19,394.61,394.1,394.77,94.59,93.11,54.73,50.74,21.26,0.92,50.02,1328592.62
2026-03-10 10:08:03,395.02,394.36,395.13,84.71,92.67,60.02,49.98,20.38,0.92,50.03,1328593.25
2026-03-10 10:08:22,395.19,394.71,395.28,84.12,94.26,59.17,50.05,20.33,0.92,50.03,1328593.5
2026-03-10 10:09:05,394.59,394.06,394.69,84.08,92.21,62.06,50.14,20.27,0.92,49.97,1328594.12
2026-03-10 10:09:24,394.35,393.96,394.39,86.57,92.1,61.62,50.56,20.38,0.92,49.96,1328594.38
2026-03-10 10:10:08,394.22,393.91,394.38,88.27,92.37,61.85,51.03,20.58,0.92,49.98,1328595.12
2026-03-10 10:10:27,393.16,392.9,393.28,87.98,92.0,61.61,50.73,20.37,0.93,49.95,1328595.38
2026-03-10 10:11:11,393.84,393.65,393.7,87.46,84.79,61.77,49.34,19.56,0.93,49.96,1328596.0
2026-03-10 10:11:30,394.51,394.24,394.52,87.64,84.61,61.54,49.31,19.63,0.93,49.96,1328596.25
2026-03-10 10:12:14,392.99,393.17,393.04,87.4,84.72,69.47,51.1,19.44,0.93,49.96,1328596.88
2026-03-10 10:12:33,392.54,392.57,392.77,87.42,84.35,61.72,49.18,19.43,0.93,49.99,1328597.12
2026-03-10 10:13:16,393.26,392.86,393.39,88.32,84.79,61.87,49.58,19.27,0.93,49.97,1328597.75
2026-03-10 10:13:36,393.25,393.12,393.35,87.74,86.59,61.62,49.84,19.26,0.93,49.98,1328598.0
2026-03-10 10:14:19,393.74,393.82,393.95,87.15,86.67,61.9,49.88,19.31,0.93,50.05,1328598.5
2026-03-10 10:14:38,393.52,393.34,393.69,87.42,86.79,61.95,49.94,19.28,0.93,50.04,1328598.75
2026-03-10 10:15:22,392.68,392.42,392.87,87.24,84.71,61.79,49.23,19.25,0.93,49.95,1328599.38
2026-03-10 10:15:41,392.71,392.34,392.54,87.33,84.54,65.75,50.12,19.27,0.93,49.96,1328599.62
2026-03-10 10:16:25,392.28,392.16,392.72,99.6,94.77,62.31,53.96,21.33,0.93,49.96,1328600.38
2026-03-10 10:16:44,392.45,392.53,392.89,99.96,92.98,62.61,53.61,21.3,0.93,49.96,1328600.62
2026-03-10 10:17:28,391.88,392.13,392.53,100.01,92.35,62.45,53.48,21.19,0.93,49.99,1328601.25
2026-03-10 10:17:47,392.23,392.27,392.6,99.78,92.37,69.61,55.2,21.23,0.93,50.02,1328601.62
2026-03-10 10:18:30,392.7,392.44,392.65,88.35,91.78,62.66,50.9,20.47,0.93,50.0,1328602.25
2026-03-10 10:18:49,392.75,392.51,392.89,88.42,91.86,61.57,50.75,20.33,0.93,50.0,1328602.5
2026-03-10 10:19:33,-0.0,392.3,0.0,-0.0,91.88,392.73,50.8,392.5,88.69,49.97,91.8
2026-03-10 10:19:52,393.01,392.6,393.18,88.76,92.02,61.36,50.78,20.37,0.93,49.97,1328603.38
2026-03-10 10:20:36,392.42,392.45,392.85,92.14,84.98,61.87,50.44,19.37,0.93,50.0,1328603.88
2026-03-10 10:20:55,392.45,392.49,393.03,91.94,85.13,62.0,50.5,19.45,0.93,49.99,1328604.25
2026-03-10 10:21:39,392.61,392.49,392.97,91.76,86.66,62.24,50.92,19.43,0.93,50.01,1328604.75
2026-03-10 10:21:58,392.78,392.12,392.75,82.14,84.97,62.36,48.52,18.32,0.93,50.02,1328605.0
2026-03-10 10:22:43,0.0,393.07,80.35,80.44,62.61,62.61,18.26,18.26,50.02,50.02,2869061484544.0
2026-03-10 10:23:04,392.68,392.46,393.01,80.11,84.86,62.57,48.13,18.22,0.93,50.02,1328606.0
2026-03-10 10:23:46,393.04,392.24,392.63,67.08,87.03,62.47,45.8,17.42,0.93,50.0,1328606.62
2026-03-10 10:24:06,392.64,392.05,392.46,67.2,86.98,62.53,45.77,17.47,0.93,49.99,1328606.88
2026-03-10 10:24:49,392.8,392.77,392.92,86.99,85.24,65.95,50.25,19.59,0.93,49.99,1328607.38
2026-03-10 10:25:09,392.77,392.68,393.12,88.71,85.1,62.89,49.8,19.71,0.93,49.96,1328607.62
2026-03-10 10:25:51,391.69,391.9,392.62,103.34,92.92,63.3,54.52,21.48,0.93,49.95,1328608.25
2026-03-10 10:26:12,392.3,391.78,392.51,89.06,92.61,63.56,51.42,20.51,0.93,49.95,1328608.62
2026-03-10 10:26:54,397.64,397.51,397.6,89.7,93.25,64.14,52.13,21.89,0.92,49.95,1328609.12
2026-03-10 10:27:15,397.42,397.25,397.85,89.75,92.96,63.42,51.92,21.87,0.92,49.96,1328609.5
2026-03-10 10:27:57,397.42,397.67,397.9,101.13,93.57,68.23,55.66,22.84,0.92,49.96,1328610.0
2026-03-10 10:28:18,397.52,397.44,397.94,88.2,93.48,62.68,51.5,21.87,0.92,49.97,1328610.38
2026-03-10 10:29:00,398.02,397.59,397.95,78.16,93.46,62.74,49.44,20.75,0.92,50.02,1328611.12
2026-03-10 10:29:21,398.36,397.76,398.3,77.93,93.39,62.47,49.39,20.8,0.92,50.02,1328611.38
2026-03-10 10:30:03,397.87,397.73,398.13,80.84,87.34,62.23,49.0,19.33,0.93,50.02,1328611.88
2026-03-10 10:30:24,398.2,397.8,398.28,68.14,85.76,62.15,45.91,18.53,0.92,50.03,1328612.12
2026-03-10 10:31:06,398.48,397.94,398.32,68.31,85.29,62.9,45.98,18.43,0.93,50.03,1328612.75
2026-03-10 10:31:27,398.03,396.82,397.37,68.42,85.1,66.0,46.71,18.35,0.93,49.97,1328613.0
2026-03-10 10:32:09,397.44,397.23,397.72,80.05,84.38,62.71,48.37,19.29,0.93,49.96,1328613.5
2026-03-10 10:32:30,398.21,397.75,398.49,67.18,84.43,62.73,45.54,18.41,0.92,49.96,1328613.75
2026-03-10 10:33:12,397.9,397.27,397.75,79.23,84.32,62.67,48.01,19.52,0.92,49.97,1328614.38
2026-03-10 10:33:32,397.87,397.54,397.76,70.84,84.48,62.71,45.99,19.59,0.92,49.96,1328614.62
2026-03-10 10:34:15,398.29,397.89,398.3,83.58,85.7,63.08,49.21,20.53,0.92,49.97,1328615.12
2026-03-10 10:34:35,398.56,397.97,398.28,87.44,84.85,63.0,48.64,23.56,0.9,49.99,1328615.38
2026-03-10 10:35:18,398.12,397.72,398.33,80.92,95.28,63.48,50.52,21.64,0.92,49.97,1328616.12
2026-03-10 10:35:38,397.32,397.25,397.48,80.58,94.56,63.54,50.26,21.59,0.92,49.98,1328616.38
2026-03-10 10:36:21,22.36,0.0,1328617.0,93.01,-0.0,68.92,0.0,-0.0,0.92,397.15,397.26
2026-03-10 10:36:46,397.68,397.11,397.71,80.89,92.22,63.43,49.73,21.61,0.92,50.03,1328617.25
2026-03-10 10:37:24,397.57,397.3,397.63,80.51,92.61,63.56,49.73,21.6,0.92,49.96,1328617.88
2026-03-10 10:37:49,398.1,397.69,398.18,80.14,94.91,63.88,50.35,21.69,0.92,49.96,1328618.12
2026-03-10 10:38:26,397.77,397.74,398.44,91.5,92.65,54.42,50.3,21.5,0.92,49.96,1328618.62
2026-03-10 10:38:51,398.5,398.11,399.05,82.09,94.52,50.91,48.07,20.46,0.92,49.98,1328619.0
2026-03-10 10:39:29,399.22,398.12,398.88,59.33,84.93,51.45,41.38,0.0,398.13,49.96,59.21
2026-03-10 10:39:57,399.28,398.48,399.12,59.41,84.79,50.7,41.23,17.49,0.92,49.99,1328619.75
2026-03-10 10:40:32,399.46,59.1,399.46,54.29,84.84,17.45,0.92,17.44,1328620.12,50.05,-0.0
2026-03-10 10:41:01,399.0,398.67,399.14,71.71,83.21,51.2,43.65,18.41,0.92,50.04,1328620.5
2026-03-10 10:41:35,398.6,397.52,398.01,56.22,83.17,53.76,40.82,17.23,0.92,50.04,1328620.88
2026-03-10 10:42:04,398.26,397.62,398.18,67.39,83.08,51.17,42.52,18.4,0.92,50.05,1328621.25
2026-03-10 10:42:38,18.38,397.96,50.02,67.74,2873593430016.0,54.67,0.0,18.36,-0.0,50.02,398.13
2026-03-10 10:43:07,398.57,398.38,398.9,79.73,83.56,51.49,45.34,19.37,0.92,49.97,1328622.12
2026-03-10 10:43:41,1328622.5,2873814679552.0,398.66,0.0,0.0,-0.0,43.09,0.0,0.92,49.96,1328622.5
2026-03-10 10:44:10,398.61,397.89,398.72,67.32,83.65,51.21,42.56,18.5,0.92,49.96,1328622.88
2026-03-10 10:44:44,398.78,397.8,398.8,67.37,91.9,54.6,44.58,19.6,0.91,49.98,1328623.25
2026-03-10 10:45:12,398.82,398.03,398.87,66.97,91.04,51.0,43.78,19.54,0.91,49.97,1328623.62
2026-03-10 10:45:47,398.05,398.0,398.53,90.61,91.21,52.43,49.2,21.58,0.91,49.97,1328624.0
2026-03-10 10:46:15,398.04,397.53,398.38,80.71,92.46,51.31,47.18,20.68,0.91,50.02,1328624.38
2026-03-10 10:46:51,0.0,2874502807552.0,398.32,0.0,0.0,-0.0,47.15,398.37,0.91,398.57,1328624.88
2026-03-10 10:47:30,398.4,397.82,398.68,79.61,92.46,51.04,46.86,20.63,0.91,50.02,1328625.38
2026-03-10 10:47:53,397.79,397.74,398.56,92.86,90.72,51.13,49.33,21.49,0.91,50.03,1328625.62
2026-03-10 10:48:32,398.73,398.63,399.0,81.26,90.99,51.08,46.9,20.79,0.91,50.04,1328626.12
2026-03-10 10:48:56,399.15,398.79,399.41,81.38,83.88,52.26,45.9,19.94,0.92,50.05,1328626.38
2026-03-10 10:49:35,398.29,398.24,398.71,80.97,83.58,51.07,45.41,19.6,0.92,50.01,1328627.0
2026-03-10 10:49:59,397.57,397.51,398.22,93.17,83.64,51.28,48.1,20.49,0.92,50.0,1328627.38
2026-03-10 10:50:40,398.49,397.69,398.33,60.24,83.65,51.22,41.15,17.36,0.92,50.0,1328627.88
2026-03-10 10:51:02,398.53,397.66,397.98,59.89,83.77,50.95,41.09,17.62,0.92,50.0,1328628.12
2026-03-10 10:51:46,398.26,397.34,397.96,59.65,87.04,50.76,41.84,17.34,0.92,49.99,1328628.62
2026-03-10 10:52:04,398.44,397.58,398.03,75.42,87.14,50.55,44.34,20.68,0.91,49.99,1328628.75
2026-03-10 10:52:49,399.34,398.68,398.99,59.29,78.45,50.53,40.07,16.24,0.93,50.02,1328629.25
2026-03-10 10:53:07,398.9,398.44,398.71,69.35,78.45,53.92,42.97,17.45,0.93,50.01,1328629.5
2026-03-10 10:53:51,398.81,398.58,398.62,69.91,76.25,50.04,41.58,17.48,0.92,50.03,1328630.0
2026-03-10 10:54:10,398.78,398.05,398.55,69.92,76.08,47.44,40.86,17.44,0.92,50.04,1328630.25
2026-03-10 10:54:54,398.01,398.06,398.52,82.11,76.82,47.63,43.73,18.4,0.92,50.05,1328630.75
2026-03-10 10:55:13,398.86,398.7,398.92,69.69,77.18,49.48,41.09,17.56,0.92,50.05,1328631.0
2026-03-10 10:56:04,398.72,398.41,398.91,69.8,77.05,47.65,41.14,17.53,0.92,50.03,1328631.5
2026-03-10 10:56:16,398.59,47.9,398.94,21.18,100.19,50.03,41.23,2876468101120.0,0.92,0.0,0.0
2026-03-10 10:57:12,397.67,397.82,398.09,80.85,77.36,48.86,43.76,18.55,0.92,49.99,1328632.5
2026-03-10 10:57:19,397.82,50.01,398.4,2876683845632.0,-0.0,45.83,0.0,18.52,0.0,50.01,397.85
2026-03-10 10:58:17,397.54,397.86,397.99,80.48,77.37,45.58,42.87,18.49,0.92,50.03,1328633.25
2026-03-10 10:58:22,2876900114432.0,397.78,0.0,80.46,-0.0,45.58,397.47,397.37,0.92,80.42,1328633.25
2026-03-10 10:59:22,398.41,398.37,399.06,84.97,76.26,45.91,43.97,18.13,0.92,50.04,1328634.0
2026-03-10 10:59:24,0.0,397.98,0.0,85.13,397.98,45.79,85.11,18.19,45.88,50.05,18.19
2026-03-10 11:00:25,398.31,398.12,398.76,72.28,75.3,45.76,40.98,17.12,0.92,50.03,1328634.75
2026-03-10 11:00:28,0.0,398.07,398.54,72.18,75.16,45.67,40.89,17.09,0.92,50.03,1328634.75
2026-03-10 11:01:27,398.14,397.48,398.12,70.46,83.32,45.52,42.01,17.94,0.92,49.99,1328635.38
2026-03-10 11:01:31,398.72,398.02,398.71,70.88,83.1,45.48,42.06,17.95,0.92,49.99,1328635.5
2026-03-10 11:02:30,398.04,397.21,397.87,71.17,82.37,45.26,41.72,18.29,0.91,49.98,1328636.12
2026-03-10 11:02:34,397.73,396.6,397.89,71.06,82.47,45.37,41.75,18.3,0.91,49.98,1328636.12
2026-03-10 11:03:35,397.15,396.97,397.47,81.95,82.46,49.47,44.95,19.5,0.92,49.97,397.64
2026-03-10 11:03:37,-0.0,397.29,0.0,-0.0,82.51,396.94,47.93,397.69,98.68,82.45,1328636.88
2026-03-10 11:04:38,396.85,396.39,397.28,82.92,84.92,60.16,48.01,20.6,397.44,397.37,1328637.75
2026-03-10 11:04:39,49.98,397.06,2878194581504.0,82.78,-0.0,0.0,0.0,0.0,0.92,397.15,1328637.88
2026-03-10 11:05:41,397.26,396.83,397.04,81.94,80.32,59.08,46.28,397.07,396.96,396.91,1328638.62
2026-03-10 11:05:42,0.91,49.98,2878426578944.0,71.47,-0.0,0.0,0.0,19.53,0.0,49.98,396.73
2026-03-10 11:06:43,397.64,396.91,397.5,70.5,72.72,45.65,39.64,17.37,397.67,49.98,397.85
2026-03-10 11:06:47,1328639.38,397.38,2878638653440.0,-0.0,0.0,0.0,0.0,17.43,0.0,49.98,1328639.38
2026-03-10 11:07:46,397.46,397.12,397.53,80.72,72.7,54.82,44.02,18.39,0.92,49.98,1328640.0
2026-03-10 11:07:49,397.62,397.31,397.83,80.61,72.68,55.41,44.16,18.4,0.92,49.98,1328640.12
2026-03-10 11:08:49,397.46,397.46,397.63,80.03,72.81,50.92,42.97,18.31,0.92,49.96,1328640.75
2026-03-10 11:08:52,397.21,397.24,397.45,80.15,72.86,50.98,43.01,18.27,0.92,49.96,1328640.88
2026-03-10 11:09:52,397.88,397.5,397.82,69.86,72.67,50.9,41.13,17.25,0.92,49.96,1328641.5
2026-03-10 11:09:55,398.0,397.78,397.76,69.81,72.65,54.4,41.71,17.09,0.92,49.96,1328641.5
2026-03-10 11:10:55,396.84,397.19,397.45,89.82,72.37,50.8,45.26,17.99,0.93,49.96,1328642.25
2026-03-10 11:10:58,396.89,397.21,397.49,89.68,72.48,50.83,45.27,17.97,0.93,49.96,1328642.25
2026-03-10 11:11:57,398.15,398.3,398.57,78.24,72.55,53.89,43.67,17.25,0.93,50.03,1328643.12
2026-03-10 11:12:00,398.08,397.88,398.56,78.26,72.52,50.52,42.82,17.27,0.93,50.02,1328643.12
2026-03-10 11:13:00,396.8,397.29,397.41,99.12,79.9,57.11,50.1,20.12,0.93,50.01,1328643.88
2026-03-10 11:13:03,396.91,397.32,397.55,99.28,79.9,58.87,50.61,20.03,0.93,50.01,1328644.0
2026-03-10 11:14:03,396.53,396.66,396.89,86.11,79.68,55.28,46.19,19.77,0.92,50.0,1328644.75
2026-03-10 11:14:06,396.55,396.61,396.92,85.91,79.68,56.59,46.64,19.9,0.92,50.0,1328644.75
2026-03-10 11:15:06,397.85,397.39,397.69,75.56,81.29,56.23,44.93,19.0,0.92,49.97,1328645.5
2026-03-10 11:15:09,397.64,397.11,397.65,75.5,81.2,56.18,44.87,22.09,0.91,49.97,1328645.5
2026-03-10 11:16:08,397.91,397.17,397.88,67.5,80.17,56.04,42.65,19.05,0.91,50.05,1328646.25
2026-03-10 11:16:12,398.23,397.16,397.47,67.51,80.08,56.02,42.61,18.96,0.91,50.05,1328646.38
2026-03-10 11:17:11,397.39,396.88,397.19,67.95,72.69,56.41,41.36,17.94,0.92,49.97,1328647.0
2026-03-10 11:17:14,397.44,397.16,397.44,67.95,72.61,56.39,41.35,17.93,0.92,49.97,1328647.0
2026-03-10 11:18:14,397.49,397.13,397.36,67.15,72.42,55.86,41.01,17.77,0.92,50.01,1328647.75
2026-03-10 11:18:17,397.45,396.77,397.23,67.09,72.33,55.85,41.01,17.84,0.92,50.01,1328647.75
2026-03-10 11:19:17,397.36,396.79,397.07,66.74,72.26,60.35,42.07,17.53,0.92,49.97,1328648.62
2026-03-10 11:19:20,397.11,396.89,396.75,66.82,72.38,61.67,42.02,17.59,0.92,49.96,1328648.62
2026-03-10 11:20:20,397.21,396.93,397.02,74.9,72.49,55.14,42.85,17.47,0.92,50.01,1328649.38
2026-03-10 11:20:23,397.25,397.04,397.31,84.26,72.66,53.99,44.51,18.6,0.92,50.02,1328649.38
2026-03-10 11:21:22,395.91,396.29,396.6,96.24,72.76,54.61,47.15,19.67,0.92,50.0,1328650.12
2026-03-10 11:21:26,396.07,396.23,396.88,96.54,72.79,54.61,47.23,19.68,0.92,49.99,1328650.12
2026-03-10 11:22:25,396.26,396.78,397.19,98.68,80.31,54.64,49.26,20.59,0.92,50.04,1328650.88
2026-03-10 11:22:28,395.95,396.25,397.19,98.98,80.6,54.74,49.41,20.58,0.92,50.04,1328650.88
2026-03-10 11:23:28,397.05,396.63,397.01,87.13,86.78,54.98,48.56,19.67,0.93,50.03,1328651.75
2026-03-10 11:23:31,87.16,397.06,55.04,87.13,48.61,0.93,48.61,1328651.75,0.93,-0.0,1328651.75
2026-03-10 11:24:31,397.3,396.83,397.48,86.09,86.43,54.85,48.36,19.35,0.93,50.05,1328652.5
2026-03-10 11:24:34,397.07,396.45,397.19,86.68,86.4,54.86,48.28,19.36,0.93,50.05,1328652.5
2026-03-10 11:25:34,398.03,397.18,398.04,75.05,86.15,54.22,45.73,18.61,0.92,50.05,1328653.5
2026-03-10 11:25:37,397.82,397.03,397.71,74.95,86.35,54.21,45.77,18.58,0.92,50.05,1328653.5
2026-03-10 11:26:36,398.0,397.01,397.74,74.14,78.86,51.71,43.46,17.65,0.93,50.01,1328654.25
2026-03-10 11:26:39,397.49,396.93,397.42,74.04,78.76,51.55,43.34,17.61,0.91,50.01,1328654.25
2026-03-10 11:27:39,397.26,396.87,397.3,74.19,77.29,55.74,44.0,17.73,0.93,49.96,1328655.0
2026-03-10 11:27:42,397.03,396.94,397.48,74.2,77.04,54.14,43.56,17.71,0.92,49.96,1328655.0
2026-03-10 11:28:42,397.74,397.17,397.75,74.08,77.33,52.2,43.12,17.64,0.92,50.0,1328655.75
2026-03-10 11:28:45,397.27,396.98,397.46,82.71,77.35,52.27,45.03,18.79,0.92,50.0,1328655.75
2026-03-10 11:29:45,398.67,398.48,399.09,86.12,77.53,52.38,45.87,18.99,0.92,50.05,1328656.5
2026-03-10 11:29:48,398.62,398.6,399.04,86.11,77.26,52.37,45.8,19.05,0.92,50.05,1328656.5
2026-03-10 11:30:47,398.79,398.78,399.3,86.63,77.56,52.14,45.93,19.07,0.92,50.05,1328657.25
2026-03-10 11:30:51,398.78,398.73,398.99,86.69,77.48,52.14,45.92,18.99,0.92,50.05,1328657.38
2026-03-10 11:31:50,398.57,398.36,398.91,88.73,85.21,52.26,47.69,20.62,0.92,50.01,1328658.12
2026-03-10 11:31:53,398.4,397.89,398.76,88.83,85.35,52.26,47.73,20.6,0.92,50.0,1328658.12
2026-03-10 11:32:53,398.85,398.37,398.97,77.53,84.88,60.2,47.22,19.68,0.92,49.96,1328659.0
2026-03-10 11:32:56,398.93,398.45,399.04,78.59,84.83,59.83,47.41,19.62,0.92,49.96,1328659.12
2026-03-10 11:33:56,398.4,397.92,398.7,71.06,86.08,58.5,45.76,18.96,0.92,49.95,1328659.88
2026-03-10 11:33:59,399.29,398.32,398.93,65.91,86.25,58.76,44.86,18.32,0.92,49.95,1328659.88
2026-03-10 11:34:59,398.83,398.18,398.8,73.45,84.3,56.95,45.6,18.82,0.92,49.95,1328660.62
2026-03-10 11:35:02,398.9,398.21,398.9,73.35,84.36,56.99,45.33,18.87,0.92,49.96,1328660.62
2026-03-10 11:36:02,398.17,398.32,398.67,94.82,75.42,56.69,48.2,19.77,0.92,49.96,1328661.38
2026-03-10 11:36:04,397.91,398.08,398.37,94.99,75.33,58.45,48.6,19.84,0.92,49.96,1328661.5
2026-03-10 11:37:04,398.17,398.28,398.53,83.78,75.36,56.58,45.74,19.0,0.92,49.96,1328662.25
2026-03-10 11:37:07,398.15,398.31,398.31,75.32,75.32,45.93,18.91,18.91,49.95,1328662.25,1328662.25
2026-03-10 11:38:07,398.51,398.65,399.02,96.72,75.29,52.46,47.58,19.75,0.92,50.0,1328663.0
2026-03-10 11:38:10,398.29,398.42,399.03,96.68,75.23,52.57,47.56,19.83,0.92,49.98,1328663.0
2026-03-10 11:39:12,398.09,398.17,398.25,398.21,77.27,398.37,49.37,77.27,58.12,49.96,49.95
2026-03-10 11:40:15,398.15,398.4,398.57,398.15,398.4,398.59,75.72,57.59,0.92,20.06,1328664.75
2026-03-10 11:40:15,75.67,57.34,48.32,94.47,20.06,49.95,48.32,2885875138560.0,0.92,0.0,0.0
2026-03-10 11:41:18,398.63,398.69,399.18,398.61,86.75,399.18,49.53,94.44,53.24,49.95,21.22
2026-03-10 11:41:20,53.21,398.69,21.22,0.92,86.76,1328665.62,49.58,2886121291776.0,0.0,0.0,1328665.62
2026-03-10 11:42:20,398.5,398.64,398.98,95.82,79.19,53.26,51.09,23.13,0.91,49.96,1328666.5
2026-03-10 11:42:25,0.0,398.95,106.78,106.78,53.48,53.48,50.85,0.92,0.92,1328666.5,1328666.5
2026-03-10 11:43:23,399.01,399.09,399.52,96.97,80.73,53.06,49.11,20.16,0.92,50.0,1328667.25
2026-03-10 11:43:27,398.3,398.64,398.72,96.84,80.69,52.35,48.91,20.13,0.92,50.0,1328667.38
2026-03-10 11:44:26,398.84,398.74,399.23,98.12,82.54,52.65,49.7,20.24,0.93,49.99,1328668.12
2026-03-10 11:44:30,398.49,398.68,398.92,97.96,78.96,53.33,48.95,20.21,0.92,49.99,1328668.25
2026-03-10 11:45:29,399.26,399.66,399.6,98.51,79.27,56.52,49.99,20.41,0.92,50.01,1328669.0
2026-03-10 11:45:33,399.35,399.67,399.78,98.4,79.24,55.24,49.67,20.31,0.92,50.02,1328669.0
2026-03-10 11:46:31,399.55,399.41,399.58,75.9,74.75,52.66,43.24,17.93,0.92,50.04,1328669.88
2026-03-10 11:46:36,399.66,399.55,399.8,75.96,74.68,53.19,43.33,17.98,0.92,50.04,1328670.0
2026-03-10 11:47:34,400.04,400.12,400.55,88.23,74.72,52.09,45.78,18.82,0.92,50.05,1328670.62
2026-03-10 11:49:45,400.59,400.27,400.7,75.25,74.74,52.8,43.18,20.09,0.92,50.04,1328672.25
2026-03-10 11:50:43,395.09,395.36,395.52,94.7,75.94,51.64,46.97,18.92,0.93,50.02,1328673.0
2026-03-10 11:50:48,395.11,395.24,395.24,395.43,75.99,51.59,46.94,19.01,0.92,50.0,1328673.0
2026-03-10 11:51:47,394.65,394.93,395.09,96.66,74.3,51.99,46.94,19.25,0.92,50.0,1328673.75
2026-03-10 11:52:50,394.95,395.21,395.31,97.41,74.45,55.41,48.04,19.3,0.93,50.02,1328674.75
2026-03-10 11:52:53,394.83,395.0,395.23,97.33,74.31,52.01,47.11,19.26,0.92,50.01,1328674.75
2026-03-10 11:53:52,394.91,395.15,395.41,97.0,76.22,52.23,47.57,19.35,0.92,49.98,1328675.5
2026-03-10 11:53:56,394.59,394.77,395.09,97.0,76.18,52.2,47.54,19.28,0.93,49.99,1328675.62
2026-03-10 11:54:56,395.6,395.44,395.39,85.43,76.44,67.55,48.6,19.28,0.93,50.03,1328676.38
2026-03-10 11:54:59,395.49,395.49,85.26,85.26,66.78,66.78,48.35,0.93,50.03,50.03,1328676.5
2026-03-10 11:55:58,396.25,395.98,396.0,84.8,76.2,64.57,47.7,19.4,0.92,49.99,1328677.25
2026-03-10 11:56:01,396.23,395.98,396.0,84.81,76.15,64.47,47.68,19.38,0.92,50.0,1328677.25
2026-03-10 11:57:04,396.79,396.59,396.59,84.35,76.08,62.95,47.23,19.43,0.92,50.05,1328678.12
2026-03-10 11:57:08,396.94,396.81,396.77,84.42,75.73,66.41,48.05,19.44,0.93,50.05,1328678.12
2026-03-10 11:58:07,396.54,396.54,396.61,74.19,74.19,46.84,46.84,0.92,0.92,1328678.88,1328678.88
2026-03-10 11:58:16,396.98,396.71,396.8,84.44,74.17,63.27,46.83,19.54,0.92,49.98,1328679.0
2026-03-10 11:59:10,397.02,396.99,74.4,95.98,49.53,20.41,49.53,49.98,0.92,2890134454272.0,1328679.75
2026-03-10 11:59:25,396.96,397.12,397.01,95.12,70.7,63.78,48.4,20.75,0.92,49.99,1328679.88
2026-03-10 12:00:12,95.23,397.65,64.18,95.28,20.86,64.18,0.92,1328680.62,0.92,-0.0,0.0
2026-03-10 12:00:33,397.34,397.57,397.35,95.02,70.16,63.87,48.08,20.9,0.92,49.98,1328680.88
2026-03-10 12:22:30,396.8,397.39,397.05,93.6,65.33,60.78,45.97,20.18,0.91,49.96,1328685.0
2026-03-10 12:23:46,396.87,396.65,396.53,71.49,67.13,55.04,39.97,19.07,0.9,49.96,1328698.12
2026-03-10 12:24:28,0.0,397.46,397.46,73.6,397.36,73.59,40.45,67.32,55.22,40.45,0.9
2026-03-10 12:24:49,396.77,397.02,396.81,84.42,67.39,55.35,42.86,20.2,0.9,49.96,1328698.75
2026-03-10 12:25:33,396.53,0.0,0.0,0.0,84.8,55.41,55.4,20.42,20.42,0.9,1328699.38
2026-03-10 12:25:54,396.43,396.83,396.54,84.61,63.08,55.36,41.58,20.46,0.89,49.96,1328699.62
2026-03-10 12:26:37,0.0,396.09,395.74,103.45,55.68,45.83,45.83,21.4,49.96,49.96,2896013295616.0
2026-03-10 12:27:00,395.42,396.41,396.16,103.59,63.32,53.21,45.32,21.41,0.9,49.96,1328700.38
2026-03-10 12:27:42,395.39,396.37,0.0,396.58,104.05,56.83,56.83,21.48,21.43,49.96,49.96
2026-03-10 12:28:05,395.05,395.98,395.74,103.72,62.83,53.19,45.18,21.29,0.9,49.97,1328701.25
2026-03-10 12:28:45,394.74,104.37,395.33,55.48,62.71,21.27,45.9,0.0,1328701.88,2896487776256.0,1328701.88
2026-03-10 12:29:12,394.79,395.82,395.54,104.45,62.37,53.3,45.28,21.29,0.9,49.99,1328702.12
2026-03-10 12:29:48,114.63,395.07,55.66,47.96,61.9,0.91,49.98,21.84,2896717414400.0,49.98,0.0
2026-03-10 12:30:17,394.12,395.18,394.82,103.96,60.82,56.16,45.43,21.12,0.9,50.0,1328703.0
2026-03-10 12:30:52,0.0,-0.0,0.0,393.98,60.55,395.05,394.53,60.52,0.9,46.03,21.06
2026-03-10 12:46:38,393.52,394.14,394.33,89.17,63.58,42.91,39.97,18.98,0.9,49.96,1328713.88
2026-03-10 13:02:38,394.5,394.52,394.48,79.52,78.69,63.38,46.22,20.04,0.92,50.04,1328724.75
2026-03-10 13:03:06,394.0,393.98,394.13,80.52,78.74,63.11,46.32,20.06,0.92,50.0,1328725.12
2026-03-10 13:19:11,397.71,397.56,397.62,82.03,83.75,73.26,49.97,22.16,0.91,50.04,1328737.75
2026-03-10 13:19:39,397.26,397.14,396.91,81.26,83.53,72.91,49.64,22.09,0.91,50.04,1328738.12
2026-03-10 13:35:38,396.85,397.06,397.19,89.07,95.53,77.66,55.11,23.42,0.92,49.96,1328751.62
2026-03-10 13:36:06,397.52,396.75,397.39,78.24,95.61,74.72,52.09,22.62,0.91,49.97,1328752.0
2026-03-10 13:36:55,397.11,78.16,396.69,74.29,95.15,22.43,51.82,0.91,1328752.75,49.98,-0.0
2026-03-10 13:37:25,397.24,396.6,397.22,77.96,95.57,74.05,51.88,22.42,0.91,50.03,1328753.12
2026-03-10 13:37:58,396.88,396.88,397.14,95.38,95.38,55.45,23.58,23.58,50.0,1328753.62,1328753.62
2026-03-10 13:38:28,396.84,397.08,397.47,103.4,95.25,78.43,55.59,23.79,0.92,50.0,1328754.0
2026-03-10 13:39:03,0.0,397.33,397.33,95.33,95.33,54.72,54.72,0.91,50.02,50.02,1328754.75
2026-03-10 13:53:17,398.03,397.67,397.49,80.7,95.21,87.68,55.02,24.64,0.91,49.98,1328767.25
2026-03-10 13:53:50,398.21,397.78,397.72,80.45,95.06,87.14,54.82,24.57,0.91,50.01,1328767.75
2026-03-10 13:54:19,397.79,397.16,397.09,80.01,94.64,86.5,54.44,24.55,0.91,49.98,1328768.12
2026-03-10 13:54:52,397.75,397.41,397.53,79.88,94.93,87.13,54.64,24.66,0.91,49.99,1328768.62
2026-03-10 13:55:22,397.53,397.29,397.23,93.34,95.32,90.9,58.57,25.61,0.91,49.96,1328769.12
2026-03-10 13:55:55,398.1,397.33,397.35,69.18,95.39,91.71,53.69,23.52,0.91,50.0,1328769.62
2026-03-10 13:56:25,398.55,397.76,397.54,68.92,95.62,91.18,53.6,23.57,0.91,50.02,1328770.0
2026-03-10 13:56:58,398.4,397.36,397.39,69.48,94.98,88.73,52.98,23.55,0.91,50.05,1328770.5
2026-03-10 13:57:28,398.6,397.79,397.73,69.54,94.87,88.65,53.35,24.29,0.91,50.04,1328771.0
2026-03-10 13:58:01,397.63,396.67,396.64,69.06,94.34,87.92,52.52,23.4,0.91,50.03,1328771.5
2026-03-10 13:58:31,397.73,397.05,396.74,69.12,94.05,87.81,52.46,23.35,0.91,50.03,1328772.0
2026-03-10 13:59:04,397.62,396.98,396.84,71.4,94.03,90.7,53.69,23.28,0.91,50.04,1328772.5
2026-03-10 13:59:34,397.85,397.05,397.09,71.2,94.52,90.53,53.7,23.29,0.91,49.98,1328772.88
2026-03-10 14:00:07,397.57,397.05,397.05,81.0,95.33,87.9,55.33,24.15,0.91,49.97,1328773.38
2026-03-10 14:00:49,396.97,396.4,396.16,71.94,95.71,89.54,53.84,23.37,0.91,49.95,1328774.0
2026-03-10 14:01:22,396.48,396.46,396.26,90.04,95.86,90.11,58.09,24.66,0.92,49.95,1328774.5
2026-03-10 14:01:51,396.71,396.77,396.54,92.16,96.12,97.34,60.27,24.78,0.92,49.96,1328775.0
2026-03-10 14:02:25,396.72,396.74,396.71,92.05,96.28,92.81,59.3,24.43,0.92,49.96,1328775.5
2026-03-10 14:02:54,397.25,397.2,396.56,91.91,96.17,92.16,59.09,24.38,0.92,49.96,1328776.12
2026-03-10 14:18:52,397.03,396.91,397.26,81.26,81.09,63.52,47.28,20.68,0.91,49.97,1328790.25
2026-03-10 14:31:54,396.91,396.51,397.09,78.7,88.95,62.02,47.9,21.31,0.91,50.0,1328800.62
2026-03-10 14:32:28,396.89,396.35,397.15,80.57,89.36,62.04,48.44,21.47,0.91,50.0,1328801.12
2026-03-10 14:32:57,397.4,396.15,397.16,67.13,103.97,62.2,48.83,21.33,0.91,49.96,1328801.5
2026-03-10 14:33:30,398.04,396.72,397.82,67.48,102.75,62.08,48.69,21.38,0.91,50.04,1328801.88
2026-03-10 14:34:00,397.75,396.44,397.57,67.04,102.76,62.06,48.62,21.3,0.91,50.04,1328802.25
2026-03-10 14:34:33,397.39,396.7,397.43,86.17,102.79,62.17,50.92,22.29,0.91,50.0,1328802.88
2026-03-10 14:35:03,398.27,397.31,398.03,67.73,104.62,62.18,49.26,21.51,0.91,50.0,1328803.25
2026-03-10 14:35:36,398.2,396.98,397.75,67.77,103.83,62.07,49.04,21.44,0.91,49.99,1328803.75
2026-03-10 14:36:06,398.27,396.91,397.76,67.95,104.08,62.12,49.18,21.39,0.92,50.04,1328804.12
2026-03-10 14:36:39,397.68,396.9,397.8,67.38,103.51,52.49,46.56,21.16,0.91,50.01,1328804.5
2026-03-10 14:37:08,397.48,397.0,398.14,88.02,102.63,52.65,51.01,22.32,0.91,50.04,1328804.88
2026-03-10 14:37:42,397.46,396.92,397.62,83.43,102.37,52.55,49.83,22.11,0.91,50.02,1328805.38
2026-03-10 14:38:11,396.96,396.67,397.61,86.62,102.8,52.94,50.71,22.23,0.91,50.03,1328805.75
2026-03-10 14:38:44,397.39,396.72,397.55,84.3,102.49,53.15,50.09,22.44,0.91,50.02,1328806.25
2026-03-10 14:39:14,396.87,396.23,396.9,80.03,102.98,53.5,49.35,22.07,0.91,50.01,1328806.62
2026-03-10 14:39:47,397.21,396.85,397.78,89.19,105.29,53.25,51.9,22.88,0.91,50.05,1328807.12
2026-03-10 14:40:17,397.15,396.54,397.27,80.22,103.08,52.89,49.33,22.0,0.91,50.04,1328807.5
2026-03-10 14:40:50,397.63,396.89,397.95,80.6,103.56,53.21,49.67,22.03,0.91,50.05,1328807.88
2026-03-10 14:41:19,397.39,396.52,397.75,81.21,105.25,53.09,50.18,22.14,0.91,50.04,1328808.5
2026-03-10 14:41:53,397.46,396.94,397.87,83.82,103.33,58.07,51.5,22.48,0.92,50.04,1328808.88
2026-03-10 14:42:22,396.75,396.44,397.46,94.76,102.84,61.44,54.58,22.9,0.92,50.04,1328809.38
2026-03-10 14:42:55,397.02,396.62,397.5,80.44,103.4,53.87,49.71,22.05,0.91,50.04,1328809.75
2026-03-10 14:43:25,397.43,396.39,397.59,80.37,104.05,54.31,49.99,22.09,0.91,50.05,1328810.25
2026-03-10 14:43:58,397.58,396.85,397.34,80.64,103.78,54.12,49.92,22.05,0.91,50.04,1328810.62
2026-03-10 14:44:28,396.63,396.39,397.27,101.2,103.36,53.99,51.96,22.93,0.91,50.04,1328811.0
2026-03-10 14:45:01,397.57,396.7,397.74,80.03,103.18,53.51,49.43,22.07,0.91,49.99,1328811.5
2026-03-10 14:45:30,398.39,397.1,398.05,67.97,106.48,53.38,47.73,21.12,0.91,50.05,1328811.88
2026-03-10 14:46:04,398.16,397.43,398.3,68.95,103.94,53.01,47.17,21.32,0.91,50.03,1328812.38
2026-03-10 14:46:33,398.11,396.89,397.93,69.1,103.57,53.13,47.14,21.32,0.91,50.03,1328812.75
2026-03-10 14:47:06,397.96,397.37,398.31,82.04,103.43,53.17,49.88,22.35,0.91,50.0,1328813.12
2026-03-10 14:47:36,397.46,396.62,397.39,69.52,103.48,53.0,47.1,21.38,0.91,49.99,1328813.62
2026-03-10 14:48:09,397.4,396.15,397.36,69.12,103.09,53.15,46.94,21.29,0.91,50.0,1328814.12
2026-03-10 14:48:39,397.48,396.46,397.55,68.94,103.75,56.39,47.89,21.32,0.91,50.04,1328814.5
2026-03-10 14:49:12,397.72,396.87,397.68,68.87,103.26,52.81,46.88,21.32,0.91,50.04,1328814.88
2026-03-10 14:49:42,397.55,396.87,397.89,81.56,102.91,52.83,49.49,22.31,0.91,50.0,1328815.25
2026-03-10 14:50:15,397.25,396.53,397.45,78.63,103.01,52.46,48.68,22.31,0.91,50.02,1328815.75
2026-03-10 14:50:44,397.62,397.1,397.95,79.02,103.01,52.59,48.86,22.36,0.91,50.03,1328816.12
2026-03-10 14:51:17,397.51,396.53,397.78,79.78,102.92,52.89,49.1,22.41,0.91,50.04,1328816.5
2026-03-10 14:51:47,397.35,396.66,397.32,90.64,103.15,56.06,52.21,23.25,0.91,49.98,1328816.88
2026-03-10 14:52:20,396.42,396.14,397.14,87.23,103.39,52.69,50.88,22.3,0.91,49.95,1328817.38
2026-03-10 14:52:50,396.54,396.02,397.24,86.85,103.0,52.93,50.75,22.28,0.91,49.96,1328817.75
2026-03-10 14:53:23,397.42,397.11,397.82,86.39,103.2,57.94,51.97,22.56,0.92,49.98,1328818.25
2026-03-10 14:53:53,397.51,397.06,397.82,86.58,103.43,57.63,51.99,22.52,0.92,50.0,1328818.75
2026-03-10 14:54:26,396.78,396.57,397.32,99.83,103.78,57.51,54.96,23.56,0.92,49.96,1328819.25
2026-03-10 14:54:55,397.57,397.08,397.73,76.33,92.37,57.09,47.33,20.54,0.91,49.97,1328819.75
2026-03-10 14:55:29,397.08,396.48,397.25,76.18,91.83,56.74,47.05,20.53,0.91,50.0,1328820.12
2026-03-10 14:55:58,396.99,396.34,397.17,76.23,90.36,57.09,46.76,20.5,0.91,49.98,1328820.5
2026-03-10 14:56:31,396.68,395.98,396.81,79.1,90.77,57.48,47.61,20.54,0.91,49.97,1328820.88
2026-03-10 14:57:01,396.78,396.61,397.43,93.57,92.11,58.64,51.08,22.36,0.91,50.02,1328821.38
2026-03-10 14:57:34,397.4,396.81,397.61,78.94,90.44,57.09,47.45,20.61,0.91,50.0,1328821.75
2026-03-10 14:58:04,397.89,396.71,397.85,71.09,107.93,57.18,49.48,21.67,0.91,50.01,1328822.12
2026-03-10 14:58:37,397.48,396.29,397.39,71.5,105.52,57.08,49.06,21.46,0.91,49.99,1328822.62
2026-03-10 14:59:06,397.07,396.25,397.37,71.18,103.7,57.26,48.57,21.44,0.91,49.97,1328823.0
2026-03-10 14:59:40,397.88,397.16,398.04,78.73,103.71,57.43,51.05,22.05,0.92,50.02,1328823.5
2026-03-10 15:00:09,397.78,397.11,397.99,76.73,102.8,57.01,49.54,21.99,0.91,50.0,1328823.88
2026-03-10 15:00:42,397.53,396.89,397.71,79.47,102.03,57.05,49.85,22.37,0.91,49.97,1328824.38
2026-03-10 15:01:12,397.72,397.2,397.81,80.14,101.46,61.44,51.02,22.29,0.91,50.01,1328824.75
2026-03-10 15:01:45,398.01,397.1,397.91,91.32,100.99,61.23,53.29,23.08,0.92,50.04,1328825.25
2026-03-10 15:02:15,398.05,397.6,398.41,79.53,101.13,61.22,50.79,22.44,0.91,50.0,1328825.75
2026-03-10 15:02:48,397.86,397.16,397.92,80.1,101.33,61.35,50.93,22.3,0.91,49.97,1328826.12
2026-03-10 15:03:17,397.66,397.1,397.85,79.21,100.9,61.16,50.58,22.3,0.91,49.98,1328826.62
2026-03-10 15:03:51,397.68,397.39,397.97,79.6,101.26,60.97,50.75,22.29,0.91,50.02,1328827.0
2026-03-10 15:04:20,397.28,397.28,397.96,91.44,103.21,61.82,53.76,23.64,0.91,50.0,1328827.5
2026-03-10 15:04:53,397.72,397.14,397.9,80.06,103.12,61.06,51.1,22.74,0.91,49.97,1328827.88
2026-03-10 15:05:23,398.01,397.89,398.43,84.53,89.18,60.84,49.05,21.87,0.91,50.03,1328828.38
2026-03-10 15:05:56,398.85,398.08,398.9,73.15,90.28,57.05,45.97,20.99,0.91,50.05,1328828.75
2026-03-10 15:06:26,398.83,398.14,399.0,73.35,90.22,56.95,45.99,21.07,0.91,50.03,1328829.12
2026-03-10 15:06:59,398.47,398.05,398.74,398.22,398.61,78.69,47.03,56.94,0.9,21.89,1328829.62
2026-03-10 15:07:28,398.26,397.57,398.27,69.72,92.03,58.1,45.39,21.86,0.9,50.01,1328830.0
2026-03-10 15:08:02,398.49,397.82,398.49,69.78,92.12,57.96,45.42,21.87,0.9,50.03,1328830.38
2026-03-10 15:08:31,398.51,397.26,398.37,67.83,109.09,56.91,48.98,21.81,0.91,50.04,1328830.75
2026-03-10 15:09:04,397.92,397.03,398.0,67.54,106.99,56.91,48.47,21.69,0.91,50.0,1328831.25
2026-03-10 15:09:34,397.81,397.01,398.15,78.53,105.34,56.95,50.39,22.44,0.91,50.0,1328831.62
2026-03-10 15:10:07,397.75,396.7,397.65,68.11,105.24,57.29,48.17,21.59,0.91,49.96,1328832.12
2026-03-10 15:10:37,397.84,396.76,397.83,68.11,104.13,57.17,47.85,21.56,0.91,49.97,1328832.5
2026-03-10 15:11:10,397.74,396.6,398.04,78.98,108.12,57.24,51.17,22.68,0.91,50.01,1328832.88
2026-03-10 15:11:40,397.54,396.77,397.88,80.16,104.47,60.53,51.34,22.69,0.91,49.97,1328833.38
2026-03-10 15:12:13,396.53,396.06,396.76,91.38,104.44,67.92,55.04,24.69,0.91,49.96,1328833.75
2026-03-10 15:12:42,397.22,396.46,397.16,81.6,104.52,70.36,53.55,23.91,0.91,49.96,1328834.25
2026-03-10 15:13:16,397.34,396.66,396.79,80.34,95.91,75.16,52.06,23.28,0.91,49.96,1328834.88
2026-03-10 15:13:45,397.37,397.14,397.46,79.31,82.19,69.63,47.98,22.21,0.91,49.96,1328835.25
2026-03-10 15:14:18,397.52,396.97,397.22,78.32,82.18,69.41,47.71,22.1,0.91,49.95,1328835.62
2026-03-10 15:14:48,396.93,397.03,397.41,89.44,82.23,58.22,47.94,21.69,0.91,49.96,1328836.0
2026-03-10 15:15:21,397.2,396.95,397.27,78.32,82.32,61.39,46.27,20.81,0.91,49.96,1328836.5
2026-03-10 15:15:51,397.25,396.81,397.03,67.73,81.94,61.83,44.09,23.12,0.9,49.97,1328836.88
2026-03-10 15:16:24,397.88,396.88,397.63,66.87,90.97,58.07,44.7,20.86,0.9,49.99,1328837.25
2026-03-10 15:16:53,397.42,395.93,397.14,66.57,108.21,57.97,48.52,21.82,0.91,49.96,1328837.62
2026-03-10 15:17:27,397.17,396.53,397.41,78.62,105.7,57.96,50.65,22.45,0.91,50.05,1328838.0
2026-03-10 15:17:56,397.49,396.24,397.18,66.47,103.47,57.89,47.43,21.51,0.91,50.01,1328838.38
2026-03-10 15:18:29,397.42,396.05,397.18,67.02,103.79,58.25,47.68,21.59,0.91,49.95,1328838.88
2026-03-10 15:18:59,396.77,395.53,396.42,67.23,103.63,58.54,47.77,21.55,0.91,49.96,1328839.25
2026-03-10 15:19:32,396.73,396.12,396.5,67.34,88.58,61.32,45.07,20.53,0.91,49.96,1328839.62
2026-03-10 15:20:02,397.17,396.95,397.38,80.05,90.56,58.72,47.79,21.52,0.91,50.02,1328840.12
2026-03-10 15:20:35,396.85,396.38,396.84,67.27,88.64,58.54,44.49,20.63,0.9,50.02,1328840.62
2026-03-10 15:21:04,397.36,396.8,397.24,67.62,88.74,59.52,44.76,20.71,0.9,50.0,1328841.0
2026-03-10 15:21:38,396.77,396.14,396.94,78.93,99.85,58.58,49.12,22.78,0.9,49.97,1328841.38
2026-03-10 15:22:07,397.27,396.94,397.53,81.75,94.33,59.31,49.01,22.33,0.91,50.01,1328841.75
2026-03-10 15:22:40,397.12,397.07,397.51,84.22,93.53,58.44,49.09,22.54,0.91,50.0,1328842.25
2026-03-10 15:23:10,396.51,396.2,396.89,84.82,92.57,58.69,48.99,22.38,0.91,49.98,1328842.62
2026-03-10 15:23:43,396.19,396.13,396.47,87.08,92.75,59.26,49.7,22.48,0.91,49.96,1328843.0
2026-03-10 15:24:13,395.71,395.58,396.48,96.87,92.95,62.99,52.87,22.87,0.92,49.95,1328843.5
2026-03-10 15:24:46,395.22,395.17,395.63,100.14,93.29,62.32,52.55,23.04,0.91,49.96,1328843.88
2026-03-10 15:25:15,395.46,395.34,396.5,97.7,94.46,59.87,52.68,22.89,0.91,50.0,1328844.38
2026-03-10 15:25:49,395.85,395.62,396.21,88.39,92.82,59.27,50.0,22.76,0.91,49.98,1328844.75
2026-03-10 15:26:18,395.9,395.35,395.88,75.34,91.26,54.11,45.54,21.12,0.9,49.98,1328845.12
2026-03-10 15:26:51,396.73,396.12,396.7,72.45,90.45,56.71,45.5,21.11,0.9,50.0,1328845.75
2026-03-10 15:27:21,395.98,396.08,396.28,83.2,90.54,67.69,50.08,23.06,0.91,49.97,1328846.12
2026-03-10 15:27:54,396.5,395.85,396.09,71.84,90.26,67.82,47.6,22.01,0.91,50.0,1328846.5
2026-03-10 15:28:24,396.59,396.31,396.63,72.15,90.31,66.82,47.45,22.08,0.9,49.99,1328846.88
2026-03-10 15:28:58,2938451787776.0,-0.0,396.4,0.0,90.65,0.0,48.35,397.04,396.48,50.0,72.14
2026-03-10 15:29:27,396.44,395.86,396.3,71.89,90.35,66.44,47.37,21.97,0.9,50.0,1328847.75
2026-03-10 15:30:00,396.78,396.41,397.03,85.73,90.31,66.24,50.34,23.02,0.91,50.04,1328848.25
2026-03-10 15:30:31,396.48,395.57,396.49,71.54,90.27,66.27,47.2,21.99,0.9,50.01,1328848.62
2026-03-10 15:31:03,396.86,396.2,396.49,71.31,90.36,69.67,48.05,21.88,0.91,50.05,1328849.0
2026-03-10 15:31:34,397.01,396.46,396.86,71.31,90.64,66.17,47.22,22.01,0.9,50.02,1328849.38
2026-03-10 15:32:06,396.28,396.45,396.61,101.44,90.76,66.53,51.9,23.89,0.91,50.03,1328849.88
2026-03-10 15:32:37,396.42,396.16,396.36,83.4,90.74,66.62,49.92,23.04,0.91,50.03,1328850.25
2026-03-10 15:33:09,396.41,396.2,396.27,83.84,90.8,66.86,50.12,23.17,0.91,50.01,1328850.75
2026-03-10 15:33:40,396.61,396.39,396.57,83.58,90.78,67.81,50.15,23.14,0.91,50.0,1328851.25
2026-03-10 15:34:11,396.48,395.98,396.4,83.73,90.87,68.05,50.27,23.24,0.91,49.99,1328851.62
2026-03-10 15:34:42,395.55,395.48,395.74,96.05,92.3,71.76,54.15,24.05,0.91,49.99,1328852.12
2026-03-10 15:35:14,395.42,394.92,395.33,86.73,92.89,69.58,51.75,23.21,0.91,49.96,1328852.5
2026-03-10 15:35:45,395.29,394.89,395.25,85.7,92.56,69.5,51.45,23.05,0.91,50.0,1328853.0
2026-03-10 15:36:17,395.67,395.08,395.35,82.8,92.18,68.42,50.53,22.88,0.91,50.04,1328853.38
2026-03-10 15:36:48,397.22,396.3,396.46,69.92,91.7,69.13,47.85,22.06,0.91,50.01,1328853.88
2026-03-10 15:37:20,396.1,395.44,396.0,83.91,96.02,70.01,52.37,22.47,0.92,49.98,1328854.25
2026-03-10 15:37:51,396.94,396.04,396.53,82.86,105.76,81.23,56.67,24.01,0.92,50.0,1328854.75
2026-03-10 15:38:23,396.84,396.01,396.35,81.76,105.4,81.94,56.51,24.03,0.92,49.99,1328855.25
2026-03-10 15:38:54,396.85,395.87,395.96,82.19,105.92,99.01,59.5,23.95,0.92,50.03,1328855.75
2026-03-10 15:39:25,396.73,395.65,396.55,81.69,105.85,80.41,56.31,23.9,0.92,50.03,1328856.38
2026-03-10 15:39:56,396.65,396.11,396.62,94.18,106.07,80.8,59.18,24.78,0.92,50.04,1328856.88
2026-03-10 15:40:28,397.11,396.06,396.62,81.61,106.0,79.74,56.19,24.0,0.92,50.04,1328857.38
2026-03-10 15:40:59,397.02,396.04,396.46,80.84,106.06,78.44,55.66,23.96,0.92,50.0,1328857.88
2026-03-10 15:41:31,397.38,396.16,396.06,80.54,105.51,117.53,62.82,29.1,0.9,50.03,1328858.25
2026-03-10 15:42:02,396.17,395.64,396.07,91.65,105.17,81.71,58.53,24.88,0.92,49.99,1328858.75
2026-03-10 15:42:34,396.74,396.74,397.03,106.13,105.38,78.58,60.93,26.08,0.92,50.0,1328859.25
2026-03-10 15:43:05,397.26,396.41,397.11,92.74,111.87,78.83,59.61,25.28,0.92,49.98,1328859.75
2026-03-10 15:43:36,398.04,397.08,397.41,92.73,106.46,93.9,60.96,27.95,0.91,50.01,1328860.38
2026-03-10 15:44:07,397.65,396.89,397.37,92.47,106.41,82.42,59.18,25.32,0.92,50.02,1328860.75
2026-03-10 15:44:39,397.24,396.51,397.03,92.62,107.62,78.79,58.65,25.1,0.92,49.99,1328861.25
2026-03-10 15:45:10,397.46,396.69,397.43,92.96,107.33,94.04,61.22,28.02,0.91,50.02,1328862.0
2026-03-10 15:45:42,397.64,396.94,397.62,93.72,107.61,79.71,59.06,25.2,0.92,50.03,1328862.5
2026-03-10 15:46:13,397.99,397.37,398.01,93.99,106.74,80.18,59.24,25.13,0.92,50.03,1328863.0
2026-03-10 15:46:45,398.37,397.55,398.09,94.55,106.84,81.39,60.1,25.28,0.92,50.0,1328863.5
2026-03-10 15:47:16,398.19,397.73,398.51,95.64,108.09,84.09,60.83,25.43,0.92,49.96,1328864.0
2026-03-10 15:47:47,393.08,392.84,393.59,102.84,106.95,79.87,60.74,24.83,0.92,49.99,1328864.5
2026-03-10 15:48:18,393.4,392.98,393.39,94.05,106.02,79.82,58.64,24.08,0.92,49.98,1328865.0
2026-03-10 15:48:50,393.37,392.98,393.62,101.22,105.25,79.7,60.14,24.12,0.93,49.97,1328865.5
2026-03-10 15:49:21,392.79,392.31,393.3,101.85,104.74,79.75,60.18,23.97,0.93,49.96,1328866.0
2026-03-10 15:49:53,392.78,392.82,393.21,113.57,106.39,83.29,64.03,24.95,0.93,49.96,1328866.5
2026-03-10 15:50:24,393.64,393.29,393.82,104.4,107.46,80.4,61.58,24.14,0.93,49.97,1328867.25
2026-03-10 15:50:56,393.87,393.68,394.3,106.29,107.34,81.03,62.13,24.55,0.93,49.98,1328867.75
2026-03-10 15:51:27,394.41,393.91,394.71,103.53,106.03,80.0,61.81,24.57,0.93,50.02,1328868.25
2026-03-10 15:51:58,394.08,393.72,394.35,92.15,105.93,79.73,58.46,23.46,0.93,50.0,1328868.75
2026-03-10 15:52:29,394.2,393.79,394.73,102.4,105.17,65.44,57.38,23.22,0.92,50.03,1328869.25
2026-03-10 15:53:01,393.78,393.07,393.71,91.14,105.01,65.58,54.88,22.23,0.92,50.0,1328869.75
2026-03-10 15:53:32,393.31,392.47,393.16,90.38,104.93,65.1,54.5,22.14,0.92,49.96,1328870.25
2026-03-10 15:54:04,394.07,393.61,394.44,89.78,104.69,65.0,54.42,22.29,0.92,50.02,1328870.75
2026-03-10 15:54:35,394.09,393.59,394.22,90.46,93.98,101.09,58.94,26.3,0.91,50.03,1328871.12
2026-03-10 15:55:07,393.77,393.72,394.31,102.57,94.48,65.58,55.22,22.17,0.92,50.03,1328871.62
2026-03-10 15:55:38,394.44,393.93,394.6,91.18,95.11,66.06,53.09,21.38,0.92,50.04,1328872.25
2026-03-10 15:56:09,394.24,394.02,394.57,90.71,94.78,65.62,52.78,21.31,0.92,50.03,1328872.62
2026-03-10 15:56:41,393.87,393.6,394.23,90.92,95.06,65.1,52.75,21.31,0.92,50.02,1328873.12
2026-03-10 15:57:12,392.64,392.14,392.95,100.89,95.24,65.13,54.73,21.99,0.92,49.98,1328873.62
2026-03-10 15:57:43,391.77,392.2,392.65,113.2,95.1,64.69,57.18,22.89,0.93,49.97,1328874.0
2026-03-10 15:58:15,391.8,392.17,392.7,113.84,94.99,64.9,57.3,23.2,0.92,50.0,1328874.5
2026-03-10 15:58:46,392.4,392.64,393.28,114.59,95.27,65.29,57.66,23.26,0.92,50.0,1328875.0
2026-03-10 15:59:18,391.6,391.92,392.38,114.24,94.9,65.08,57.37,23.12,0.92,50.0,1328875.5
2026-03-10 15:59:49,391.87,391.96,392.37,102.42,94.99,101.87,61.78,26.89,0.91,49.99,1328876.0
2026-03-10 16:00:21,391.82,392.12,392.81,115.97,95.46,65.56,58.1,22.96,0.93,49.96,1328876.5
2026-03-10 16:00:52,392.64,392.66,393.35,104.97,95.76,65.5,55.84,22.27,0.93,49.96,1328877.0
2026-03-10 16:01:23,392.96,392.57,393.36,104.89,96.28,65.71,56.05,22.33,0.93,49.98,1328877.62
2026-03-10 16:01:54,392.99,392.8,393.38,104.75,96.5,67.16,56.29,22.3,0.93,50.03,1328878.0
2026-03-10 16:02:26,392.95,392.6,393.77,103.31,96.01,64.87,55.48,22.27,0.92,50.03,1328878.5
2026-03-10 16:02:57,392.74,392.97,393.64,115.05,95.1,67.58,58.42,23.05,0.93,50.02,1328879.0
2026-03-10 16:03:29,392.93,392.72,393.27,102.96,94.64,65.1,55.08,22.18,0.92,50.0,1328879.5
2026-03-10 16:04:00,392.83,392.37,393.14,91.69,94.78,65.05,52.74,21.11,0.92,49.97,1328880.0
2026-03-10 16:04:32,392.16,391.73,392.61,102.82,95.02,64.99,55.92,22.07,0.93,49.96,1328880.38
2026-03-10 16:05:03,392.87,392.74,393.58,105.22,98.37,68.63,57.3,22.3,0.93,50.0,1328880.88
2026-03-10 16:05:34,392.1,392.61,393.08,118.07,98.08,65.05,59.21,22.98,0.93,49.99,1328881.38
2026-03-10 16:06:06,392.69,392.55,393.52,105.51,100.46,64.99,57.16,22.05,0.93,49.99,1328881.88
2026-03-10 16:06:37,392.45,392.28,392.96,103.81,100.42,64.64,56.64,22.0,0.93,50.02,1328882.38
2026-03-10 16:07:08,392.31,392.23,393.02,103.86,98.42,66.05,56.47,22.11,0.93,50.0,1328883.0
2026-03-10 16:07:40,392.52,392.47,393.08,103.48,97.99,65.93,56.28,22.07,0.93,50.02,1328883.5
2026-03-10 16:08:11,393.12,392.87,393.45,95.52,98.3,65.97,54.56,22.01,0.93,50.02,1328883.88
2026-03-10 16:08:43,393.69,393.32,394.17,102.52,100.61,66.15,56.88,22.24,0.93,50.02,1328884.38
2026-03-10 16:09:14,393.74,393.39,394.16,103.1,100.33,65.92,56.83,22.21,0.93,50.01,1328884.88
2026-03-10 16:09:46,393.18,392.85,393.44,103.1,97.88,65.71,56.16,22.18,0.93,50.02,1328885.38
2026-03-10 16:10:17,392.87,392.57,393.39,101.65,99.62,65.95,56.87,21.89,0.93,50.01,1328885.88
2026-03-10 16:10:48,392.65,392.76,393.35,113.72,98.04,66.4,58.63,22.76,0.93,50.02,1328886.38
2026-03-10 16:11:19,393.19,392.99,393.7,102.95,98.21,71.81,57.69,22.08,0.93,50.02,1328886.88
2026-03-10 16:11:51,392.68,392.51,393.02,101.91,98.74,69.72,57.02,22.08,0.93,49.99,1328887.38
2026-03-10 16:12:22,392.39,392.53,393.25,101.67,109.92,69.99,59.3,23.18,0.93,49.97,1328887.88
2026-03-10 16:12:54,392.41,391.97,392.8,101.94,109.91,69.89,59.35,22.98,0.93,49.98,1328888.5
2026-03-10 16:13:25,392.16,392.42,392.97,114.3,109.74,70.37,62.04,23.92,0.93,50.0,1328889.0
2026-03-10 16:13:57,392.86,392.59,393.43,103.62,110.03,70.69,60.01,23.1,0.93,49.99,1328889.5
2026-03-10 16:14:28,392.18,391.48,392.38,93.86,109.61,70.89,57.59,23.07,0.93,49.96,1328890.0
2026-03-10 16:14:59,392.55,391.76,392.57,93.45,108.97,70.65,57.3,22.9,0.93,49.99,1328890.5
2026-03-10 16:15:30,392.76,392.16,392.55,93.56,109.21,81.86,59.7,23.97,0.93,50.02,1328891.0
2026-03-10 16:16:02,393.28,392.57,393.13,93.96,109.64,82.83,60.23,24.06,0.93,50.02,1328891.5
2026-03-10 16:16:33,393.53,392.71,393.27,81.79,109.07,82.05,57.29,23.22,0.92,50.01,1328892.0
2026-03-10 16:17:05,392.85,391.73,392.32,81.35,108.67,84.86,57.68,22.86,0.93,49.98,1328892.5
2026-03-10 16:17:36,393.22,392.42,392.79,67.99,95.23,71.23,48.62,21.23,0.91,49.96,1328892.88
2026-03-10 16:18:08,393.32,392.38,392.82,68.03,95.11,59.31,46.22,20.09,0.92,49.97,1328893.5
2026-03-10 16:18:39,393.14,392.72,393.35,78.95,94.46,58.77,48.12,20.87,0.92,49.97,1328893.88
2026-03-10 16:19:10,393.89,392.93,393.67,66.66,93.75,62.04,46.27,19.99,0.92,50.05,1328894.25
2026-03-10 16:19:42,393.93,393.1,393.64,67.47,95.54,58.64,46.04,20.11,0.91,50.04,1328894.62
2026-03-10 16:20:13,394.01,392.77,393.73,67.34,95.57,58.57,45.96,20.2,0.91,50.02,1328895.0
2026-03-10 16:20:44,393.61,393.25,393.58,78.94,95.07,59.99,48.58,21.31,0.91,49.99,1328895.5
2026-03-10 16:21:16,393.39,392.68,393.52,90.58,95.23,59.82,51.1,21.92,0.92,49.98,1328895.88
2026-03-10 16:21:47,393.44,392.68,393.46,80.52,95.28,59.6,48.96,21.09,0.92,50.01,1328896.25
2026-03-10 16:22:19,393.24,392.72,393.13,81.14,95.45,59.93,49.15,21.31,0.92,50.01,1328896.75
2026-03-10 16:22:50,393.28,392.78,393.43,80.67,96.15,59.78,49.19,21.22,0.92,50.03,1328897.12
2026-03-10 16:23:21,393.87,393.23,393.65,81.1,95.02,59.64,48.97,21.37,0.91,50.01,1328897.62
2026-03-10 16:23:53,393.89,393.76,394.24,93.25,94.46,59.69,51.55,22.35,0.92,50.02,1328898.0
2026-03-10 16:24:24,394.07,393.37,394.18,80.85,94.32,59.45,48.74,21.41,0.91,50.02,1328898.38
2026-03-10 16:24:55,393.67,393.38,393.93,79.95,94.42,58.74,48.34,21.42,0.91,49.98,1328899.0
2026-03-10 16:25:27,393.62,393.23,393.7,80.04,94.36,58.57,48.29,21.47,0.91,49.97,1328899.38
2026-03-10 16:25:58,393.68,393.17,393.78,80.61,94.52,58.93,48.57,21.4,0.91,50.01,1328899.75
2026-03-10 16:26:30,393.49,392.51,393.05,68.88,94.43,58.82,46.0,20.33,0.91,49.95,1328900.25
2026-03-10 16:27:01,393.9,392.95,393.61,69.06,95.29,58.43,46.22,20.4,0.91,50.0,1328900.62
2026-03-10 16:27:32,394.24,393.69,394.03,69.19,83.46,58.57,43.85,19.33,0.91,50.02,1328901.0
2026-03-10 16:28:04,392.94,392.52,392.87,68.51,83.31,58.49,43.57,19.04,0.91,50.02,1328901.38
2026-03-10 16:28:35,393.64,392.91,393.2,68.1,83.05,58.48,43.41,19.25,0.91,49.98,1328901.75
2026-03-10 16:29:06,393.72,392.93,393.16,67.06,82.73,58.39,43.12,19.08,0.91,50.0,1328902.12
2026-03-10 16:29:38,393.52,392.9,393.41,67.94,85.25,58.59,44.05,19.11,0.92,50.01,1328902.5
2026-03-10 16:30:09,393.8,393.5,393.65,79.04,85.24,59.0,46.44,20.2,0.92,50.03,1328902.88
2026-03-10 16:30:41,393.76,393.57,393.52,79.88,83.75,67.02,48.05,20.68,0.92,50.03,1328903.25
2026-03-10 16:31:12,392.7,393.03,393.05,92.49,84.44,66.78,50.75,21.7,0.92,50.01,1328903.75
2026-03-10 16:31:44,393.18,393.02,393.09,82.75,85.02,67.24,49.05,20.74,0.92,50.01,1328904.25
2026-03-10 16:32:15,393.05,393.05,392.14,83.17,82.12,66.81,48.21,20.61,0.92,50.0,1328904.75
2026-03-10 16:32:46,392.65,392.46,392.63,83.75,82.61,66.78,48.44,20.75,0.92,49.96,1328905.12
2026-03-10 16:33:18,392.46,392.43,392.37,82.83,82.45,66.53,48.15,20.73,0.92,49.96,1328905.5
2026-03-10 16:33:49,392.66,392.92,392.85,92.09,81.76,65.95,49.77,21.56,0.92,49.95,1328905.88
2026-03-10 16:34:21,392.88,392.8,392.79,81.17,81.33,65.9,47.29,20.74,0.91,49.96,1328906.38
2026-03-10 16:34:52,393.39,393.25,393.34,80.17,79.62,62.34,46.26,19.87,0.92,50.01,1328906.75
2026-03-10 16:35:23,393.23,393.36,393.56,80.2,79.1,58.82,45.21,19.99,0.91,50.0,1328907.12
2026-03-10 16:35:55,393.63,393.44,393.59,81.26,78.85,58.68,45.24,20.38,0.91,50.01,1328907.5
2026-03-10 16:36:26,393.55,393.43,393.89,93.01,88.98,58.81,49.84,22.11,0.91,50.03,1328907.88
2026-03-10 16:36:57,393.35,393.42,393.87,94.6,90.49,59.07,50.6,22.48,0.91,50.05,1328908.38
2026-03-10 16:37:29,393.58,393.6,394.02,95.13,90.81,59.61,50.95,22.5,0.91,50.04,1328908.75
2026-03-10 16:38:00,393.33,393.27,393.71,83.1,90.84,59.09,48.29,21.49,0.91,50.01,1328909.25
2026-03-10 16:38:32,394.11,393.42,393.83,71.33,90.8,59.5,45.94,20.42,0.91,50.0,1328909.75
2026-03-10 16:39:03,393.53,393.17,393.67,82.76,90.64,59.29,48.27,21.32,0.91,50.01,1328910.12
2026-03-10 16:39:34,393.76,393.11,393.58,71.45,90.88,60.43,46.17,20.6,0.92,50.02,1328910.62
2026-03-10 16:40:06,393.85,393.12,393.6,71.15,90.82,59.57,45.88,20.44,0.91,49.99,1328911.0
2026-03-10 16:40:37,393.73,393.06,393.46,71.44,90.32,60.47,46.08,20.36,0.91,49.98,1328911.38
2026-03-10 16:41:08,393.74,393.36,393.48,71.51,78.23,60.04,43.44,19.36,0.91,49.96,1328911.75
2026-03-10 16:41:40,393.55,393.33,393.62,82.37,86.07,59.25,47.1,21.13,0.91,49.96,1328912.12
2026-03-10 16:42:11,393.91,393.42,393.65,79.63,84.63,62.33,46.94,20.82,0.91,49.97,1328912.5
2026-03-10 16:42:43,393.74,393.56,393.79,80.89,84.63,62.02,47.2,20.86,0.91,49.98,1328912.88
2026-03-10 16:43:14,393.82,393.65,393.89,80.47,83.96,58.67,46.09,20.83,0.91,49.99,1328913.25
2026-03-10 16:43:45,393.91,393.74,393.94,81.56,83.75,58.81,46.21,21.22,0.91,50.01,1328913.62
2026-03-10 16:44:17,393.89,394.13,394.3,94.26,84.48,59.29,49.22,22.1,0.91,50.02,1328914.12
2026-03-10 16:44:48,394.67,394.56,394.72,82.56,84.62,59.21,46.86,21.29,0.91,50.05,1328914.5
2026-03-10 16:45:19,394.46,394.29,394.41,81.91,84.21,59.07,46.91,21.25,0.91,50.04,1328915.0
2026-03-10 16:45:51,393.95,394.37,394.42,94.58,83.86,59.02,49.11,22.32,0.91,50.04,1328915.38
2026-03-10 16:46:22,394.4,394.59,394.81,97.92,87.75,55.95,50.22,22.28,0.91,50.04,1328915.88
2026-03-10 16:46:54,394.18,394.61,394.87,107.86,90.82,55.63,52.8,23.04,0.92,50.05,1328916.25
2026-03-10 16:47:25,394.83,395.02,395.17,94.84,83.73,55.71,48.37,22.39,0.91,50.04,1328916.75
2026-03-10 16:47:56,395.16,395.55,395.74,102.7,83.91,56.4,51.21,22.44,0.91,50.05,1328917.12
2026-03-10 16:48:28,394.62,394.98,395.26,101.85,84.07,55.91,50.27,22.21,0.91,50.01,1328917.62
2026-03-10 16:48:59,394.35,394.28,394.78,90.31,84.6,56.06,48.04,20.97,0.91,50.02,1328918.0
2026-03-10 16:49:31,394.42,394.7,395.14,102.43,84.5,61.05,51.86,22.07,0.92,50.04,1328918.38
2026-03-10 16:50:02,394.9,394.8,395.25,90.04,84.68,55.57,47.88,21.15,0.91,50.0,1328918.88
2026-03-10 16:50:33,395.11,395.05,395.4,90.52,85.36,58.43,48.84,21.2,0.91,49.99,1328919.25
2026-03-10 16:51:05,394.85,394.75,395.17,90.09,85.14,55.22,47.92,21.15,0.91,50.0,1328919.62
2026-03-10 16:51:36,395.16,395.2,395.55,91.18,85.67,56.01,48.55,21.2,0.91,50.04,1328920.25
2026-03-10 16:52:07,394.82,395.16,395.55,106.05,86.02,56.46,51.93,22.23,0.92,50.0,1328920.62
2026-03-10 16:52:39,395.83,395.72,396.19,92.49,86.2,56.49,49.14,21.37,0.91,50.04,1328921.0
2026-03-10 16:53:10,396.02,395.87,396.32,92.91,91.2,56.81,50.55,21.55,0.92,50.05,1328921.5
2026-03-10 16:53:42,396.73,396.16,396.59,79.19,89.48,56.98,47.25,20.48,0.91,50.03,1328921.88
2026-03-10 16:54:13,396.83,396.42,396.78,79.34,87.01,58.97,47.04,20.79,0.91,50.03,1328922.25
2026-03-10 16:54:44,396.21,396.2,396.45,90.55,86.72,59.75,49.52,21.62,0.91,50.01,1328922.75
2026-03-10 16:55:16,396.45,396.1,396.78,90.06,98.14,56.14,50.9,22.75,0.91,50.01,1328923.12
2026-03-10 16:55:47,396.35,395.9,396.79,89.54,98.0,53.53,50.06,22.8,0.91,50.01,1328923.5
2026-03-10 16:56:18,396.59,396.25,397.11,94.89,98.4,53.84,51.56,22.82,0.91,50.02,1328924.0
2026-03-10 16:56:50,396.31,396.33,397.22,105.14,97.96,53.46,53.51,23.7,0.91,49.99,1328924.5
2026-03-10 16:57:21,397.05,396.32,397.18,82.65,97.7,53.74,48.72,21.78,0.91,49.96,1328924.88
2026-03-10 16:57:53,397.63,396.78,397.64,82.95,100.92,64.54,51.7,23.43,0.91,50.02,1328925.25
2026-03-10 16:58:24,397.75,397.04,397.43,77.5,90.32,60.53,47.77,21.2,0.91,49.98,1328925.88
2026-03-10 16:58:55,397.79,397.02,397.49,75.42,90.43,59.71,47.2,20.82,0.91,49.96,1328926.25
2026-03-10 16:59:27,397.55,397.13,397.6,87.25,91.62,60.02,50.08,21.86,0.91,49.98,1328926.62
2026-03-10 16:59:58,398.21,397.37,397.82,76.5,92.11,63.62,48.87,20.97,0.92,50.03,1328927.12
2026-03-10 17:00:30,398.22,397.52,397.96,77.13,91.0,60.33,47.85,21.14,0.91,50.0,1328927.5
2026-03-10 17:01:01,398.52,397.79,398.3,77.51,90.57,59.99,47.77,21.18,0.91,50.05,1328927.88
2026-03-10 17:01:32,398.63,397.99,398.46,76.37,89.68,59.42,47.16,21.15,0.91,50.04,1328928.25
2026-03-10 17:02:04,398.48,398.23,398.8,87.96,90.19,52.38,48.21,21.64,0.91,50.05,1328928.75
2026-03-10 17:02:35,399.22,398.49,399.1,76.25,89.78,53.64,45.49,20.86,0.91,50.04,1328929.12
2026-03-10 17:03:07,395.85,395.12,395.75,76.1,88.48,51.75,44.86,20.26,0.91,49.97,1328929.5
2026-03-10 17:03:38,396.36,396.0,396.52,87.83,88.77,52.41,50.68,24.4,0.9,50.05,1328929.88
2026-03-10 17:04:10,396.18,395.55,396.34,88.51,100.92,53.9,50.63,22.62,0.91,50.04,1328930.38
2026-03-10 17:04:41,394.8,394.46,395.29,98.9,100.83,52.81,52.45,23.26,0.91,49.96,1328930.88
2026-03-10 17:05:12,394.84,394.21,395.06,88.87,101.09,53.17,50.48,22.4,0.91,49.96,1328931.38
2026-03-10 17:05:44,394.67,394.04,395.0,88.95,104.6,52.97,51.38,22.32,0.92,49.97,1328931.75
2026-03-10 17:06:15,394.79,394.21,395.04,88.92,100.78,52.72,50.05,22.32,0.91,49.96,1328932.12
2026-03-10 17:06:46,395.08,394.74,395.27,89.34,89.97,52.74,48.48,21.6,0.91,49.96,1328932.62
2026-03-10 17:07:18,394.98,394.96,395.51,101.35,89.72,52.26,50.56,22.47,0.91,50.0,1328933.0
2026-03-10 17:07:49,395.39,395.16,395.68,90.05,89.16,51.81,47.88,21.68,0.91,50.01,1328933.38
2026-03-10 17:08:21,395.65,395.37,395.91,90.05,89.32,52.04,48.02,21.73,0.91,50.03,1328933.88
2026-03-10 17:08:52,395.7,395.42,395.97,90.28,88.6,52.19,47.93,21.7,0.91,50.03,1328934.25
2026-03-10 17:09:23,395.48,395.2,395.47,83.85,85.0,55.29,45.98,22.15,0.9,49.99,1328934.62
2026-03-10 17:09:55,394.75,394.71,395.01,91.71,84.62,54.45,47.0,23.35,0.89,49.95,1328935.0
2026-03-10 17:10:26,395.12,394.77,395.03,80.41,84.69,52.13,44.19,22.27,0.89,49.97,1328935.38
2026-03-10 17:10:58,394.43,394.11,394.4,80.92,84.7,51.97,44.2,22.16,0.89,49.96,1328935.75
2026-03-10 17:11:29,394.3,66.54,23.2,0.9,84.72,1328936.25,47.33,-0.0,0.89,0.0,1328936.25
2026-03-10 17:12:00,394.47,393.62,393.99,80.89,99.84,66.48,50.73,24.21,0.9,49.95,1328936.75
2026-03-10 17:12:32,393.61,393.37,393.32,106.85,100.34,88.02,59.39,30.78,0.9,49.96,1328937.12
2026-03-10 17:13:03,394.5,394.0,394.15,94.32,101.07,77.79,56.23,26.41,0.9,50.0,1328937.62
2026-03-10 17:13:35,394.98,394.06,394.18,81.41,101.97,78.8,54.07,25.15,0.91,50.01,1328938.12
2026-03-10 17:14:06,394.88,393.87,394.14,81.55,102.27,78.05,53.96,25.21,0.91,49.96,1328938.62
2026-03-10 17:14:38,395.05,393.74,393.99,68.56,101.7,78.11,51.12,24.0,0.9,49.97,1328939.0
2026-03-10 17:15:09,394.91,393.67,393.84,68.49,101.39,77.52,50.87,23.95,0.9,49.98,1328939.5
2026-03-10 17:15:40,395.15,394.17,394.37,66.69,88.86,65.25,45.46,21.35,0.9,50.01,1328939.88
2026-03-10 17:16:11,395.4,394.42,394.67,66.37,85.11,64.78,44.23,21.55,0.9,49.98,1328940.25
2026-03-10 17:16:43,395.16,394.6,394.71,78.46,85.63,64.79,46.9,22.58,0.9,49.97,1328940.62
2026-03-10 17:17:14,394.73,394.46,394.56,88.81,87.24,64.45,49.45,23.32,0.9,49.96,1328941.12
2026-03-10 17:17:46,395.41,394.9,394.87,76.24,85.78,67.75,47.21,22.47,0.9,50.04,1328941.62
2026-03-10 17:18:17,395.37,394.83,394.89,76.18,86.07,65.69,46.74,22.53,0.9,50.04,1328942.0
2026-03-10 17:18:49,1328942.38,394.56,-0.0,0.0,86.1,0.0,-0.0,22.57,395.23,49.96,394.68
2026-03-10 17:19:20,395.19,394.61,394.67,76.85,86.28,65.1,46.75,22.56,0.9,49.98,1328942.75
2026-03-10 17:19:52,395.34,395.1,394.92,87.91,86.21,72.6,50.91,23.67,0.9,50.03,1328943.25
2026-03-10 17:20:22,395.59,394.99,394.85,76.98,86.5,72.58,48.57,22.96,0.9,50.01,1328943.62
2026-03-10 17:20:55,395.03,394.2,394.39,77.47,98.03,74.87,51.63,23.96,0.91,49.99,1328944.12
2026-03-10 17:21:25,394.9,394.06,394.25,77.84,98.09,73.26,51.33,23.94,0.9,49.98,1328944.5
2026-03-10 17:21:57,395.27,394.41,394.63,77.52,98.33,73.2,51.37,23.91,0.91,50.04,1328945.0
2026-03-10 17:22:28,395.05,394.2,394.44,77.01,98.27,72.94,51.21,23.7,0.91,49.97,1328945.38
2026-03-10 17:23:00,395.37,394.37,394.63,73.95,98.18,72.97,50.81,22.83,0.91,50.04,1328945.88
2026-03-10 17:23:31,395.03,394.41,394.65,85.94,98.13,72.84,53.29,23.84,0.91,50.04,1328946.25
2026-03-10 17:24:04,394.92,1328946.88,394.51,-0.0,86.48,0.0,0.0,-0.0,0.0,49.99,0.0
2026-03-10 17:24:37,394.65,394.29,394.29,85.56,86.83,73.25,50.91,22.77,0.91,49.96,1328947.38
2026-03-10 17:25:07,98.0,394.13,73.0,98.0,23.51,0.91,53.65,49.96,2967210557440.0,-0.0,0.0
2026-03-10 17:25:40,394.16,394.05,393.89,94.09,87.42,76.96,54.01,22.65,0.92,49.95,1328948.25
2026-03-10 17:26:10,394.26,394.14,393.95,93.95,87.15,76.1,53.71,22.58,0.92,49.96,1328948.62
2026-03-10 17:26:42,394.55,394.03,394.04,85.73,87.55,72.77,51.45,21.4,0.92,49.96,1328949.12
2026-03-10 17:27:12,394.41,394.04,394.11,89.45,87.37,72.65,52.31,21.32,0.92,49.96,1328949.5
2026-03-10 17:27:45,394.34,394.43,394.52,104.68,87.68,73.3,55.89,22.25,0.92,50.0,1328950.0
2026-03-10 17:28:15,395.31,394.97,395.52,92.06,87.89,51.0,48.28,20.21,0.92,49.99,1328950.5
2026-03-10 17:28:48,395.13,394.79,395.36,92.07,87.46,54.82,49.17,20.05,0.92,49.96,1328950.88
2026-03-10 17:29:18,394.79,394.83,395.22,102.49,87.99,59.07,52.51,21.13,0.92,49.98,1328951.25
2026-03-10 17:29:51,394.61,394.44,395.08,105.19,99.08,59.3,55.14,23.24,0.92,50.0,1328951.75
2026-03-10 17:30:21,393.98,394.25,394.89,118.75,96.87,58.74,57.47,24.07,0.92,50.0,1328952.38
2026-03-10 17:30:54,394.32,394.17,394.69,99.01,97.32,59.91,53.39,23.03,0.91,50.04,1328952.88
2026-03-10 17:31:24,0.92,393.88,1328953.25,99.99,2968784470016.0,0.0,0.0,23.03,0.0,50.01,394.12
2026-03-10 17:31:59,393.92,393.72,394.35,102.44,101.95,64.74,56.49,23.17,0.92,50.01,1328953.75
2026-03-10 17:32:27,393.78,393.74,394.15,105.57,101.45,67.78,58.01,22.67,0.93,49.99,1328954.25
2026-03-10 17:33:02,392.38,392.12,392.32,94.24,92.77,71.75,54.78,20.09,0.94,50.02,1328954.75
2026-03-10 17:33:30,393.49,393.35,393.44,96.03,94.1,74.56,56.44,20.13,0.94,50.04,1328955.25
2026-03-10 17:34:05,393.51,393.24,393.35,96.95,97.46,79.76,58.76,19.87,0.94,49.98,1328955.75
2026-03-10 17:34:32,393.81,393.44,393.62,95.97,97.29,76.22,57.72,19.87,0.94,50.01,1328956.25
2026-03-10 17:35:07,393.48,393.79,393.58,106.59,84.89,76.28,57.44,19.52,0.94,50.04,1328956.75
2026-03-10 17:35:35,393.7,393.72,393.48,96.26,87.41,78.92,56.55,18.56,0.95,50.05,1328957.12
2026-03-10 17:36:10,392.93,392.91,392.89,95.24,79.72,74.63,53.75,17.51,0.95,49.97,1328957.75
2026-03-10 17:36:38,392.92,393.02,392.63,98.61,83.68,77.01,56.12,17.25,0.95,49.99,1328958.25
2026-03-10 17:37:13,392.51,392.63,392.45,98.3,86.38,77.71,56.88,17.18,0.96,49.98,1328958.75
2026-03-10 17:37:41,392.4,49.97,392.6,2970441482240.0,88.06,-0.0,0.0,-0.0,0.96,0.0,392.6
2026-03-10 17:38:18,392.94,392.87,392.87,98.55,87.92,77.04,57.23,17.12,0.96,50.01,1328959.75
2026-03-10 17:38:44,392.49,393.03,392.59,115.64,87.45,88.05,63.49,17.93,0.96,49.99,1328960.25
2026-03-10 17:39:21,392.23,392.58,392.51,119.71,98.68,85.05,65.94,19.01,0.96,49.97,1328960.88
2026-03-10 17:39:46,392.03,392.09,392.28,121.67,101.17,88.77,67.87,18.86,0.96,50.0,1328961.38
2026-03-10 17:40:23,391.23,391.83,391.81,136.09,101.44,85.91,70.27,19.81,0.96,49.96,1328962.0
2026-03-10 17:40:49,391.21,391.4,391.56,125.76,102.23,89.44,69.14,18.69,0.96,49.97,1328962.5
2026-03-10 17:41:26,391.88,391.52,391.51,113.99,100.66,88.94,66.23,17.46,0.97,49.99,1328963.25
2026-03-10 17:41:52,391.8,392.14,391.77,114.09,90.61,92.5,65.09,16.36,0.97,50.01,1328963.75
2026-03-10 17:42:29,392.94,392.89,392.7,101.43,90.57,89.66,61.86,15.47,0.97,50.06,1328964.38
2026-03-10 17:42:55,392.03,392.42,392.06,114.63,90.65,92.22,65.24,16.58,0.97,50.04,1328964.88
2026-03-10 17:43:32,392.43,392.11,392.16,99.71,90.52,88.77,61.15,15.37,0.97,49.99,1328965.5
2026-03-10 17:43:57,391.96,391.8,391.58,98.87,92.03,90.97,62.09,15.25,0.97,50.01,1328965.88
2026-03-10 17:44:34,392.46,392.26,392.05,98.52,91.94,90.35,61.42,15.52,0.97,49.98,1328966.5
2026-03-10 17:45:00,392.32,392.57,392.28,107.94,91.97,90.31,63.62,16.26,0.97,50.01,1328967.0
2026-03-10 17:45:37,395.48,395.2,394.84,98.82,91.78,89.25,61.71,15.99,0.97,50.02,1328967.62
2026-03-10 17:46:03,395.67,395.67,395.35,98.39,91.76,89.04,61.61,16.02,0.97,50.01,1328968.12
2026-03-10 17:46:42,395.39,395.24,394.98,99.82,91.7,88.15,61.7,15.89,0.97,50.01,1328968.75
2026-03-10 17:47:06,395.05,394.92,394.8,100.23,91.6,87.69,61.65,15.89,0.97,50.02,1328969.12
2026-03-10 17:47:45,395.14,395.5,395.14,124.32,91.55,87.6,66.8,17.82,0.97,50.02,1328969.88
2026-03-10 17:48:09,394.97,394.97,395.01,395.01,121.77,88.04,88.04,18.01,17.94,50.01,50.01
2026-03-10 17:48:48,394.4,394.93,394.74,124.25,102.74,88.68,69.22,19.06,0.96,49.98,1328971.0
2026-03-10 17:49:12,394.63,394.77,394.74,125.07,103.07,88.95,69.55,19.04,0.96,50.0,1328971.5
2026-03-10 17:49:50,394.54,395.21,395.09,144.49,105.0,88.81,74.48,19.83,0.97,49.97,1328972.25
2026-03-10 17:50:14,394.44,394.93,395.06,143.01,105.5,89.67,74.56,19.15,0.97,49.96,1328972.75
2026-03-10 17:50:53,394.69,394.72,394.85,130.93,105.37,89.76,71.96,17.92,0.97,50.02,1328973.62
2026-03-10 17:51:17,395.09,395.28,394.78,130.44,94.31,89.07,69.41,16.86,0.97,50.01,1328974.12
2026-03-10 17:51:56,394.7,395.61,395.51,130.25,95.19,88.82,69.61,16.8,0.97,50.04,1328974.75
2026-03-10 17:52:20,394.75,395.64,395.21,142.06,95.3,93.22,73.17,17.67,0.97,50.01,1328975.25
2026-03-10 17:52:59,394.61,395.39,394.5,130.91,98.54,111.15,75.5,17.83,0.97,50.0,1328976.0
2026-03-10 17:53:23,395.28,395.28,394.6,117.81,98.61,109.83,72.37,16.71,0.97,50.01,1328976.5
2026-03-10 17:54:02,395.17,395.47,395.26,115.94,95.46,94.55,67.91,15.66,0.97,50.02,1328977.25
2026-03-10 17:54:26,394.99,15.67,394.81,49.97,95.24,2975478579200.0,66.81,0.0,0.0,49.97,0.0
2026-03-10 17:55:04,394.42,394.91,394.75,131.77,95.38,91.7,70.63,16.38,0.97,49.97,1328978.38
2026-03-10 17:55:28,394.8,394.87,394.86,121.19,95.75,91.0,68.29,15.61,0.97,49.98,1328979.0
2026-03-10 17:56:07,394.97,394.88,394.91,126.36,95.72,91.18,69.53,15.53,0.97,49.98,1328979.75
2026-03-10 17:56:31,394.77,395.28,395.13,126.98,95.61,91.07,69.67,15.46,0.97,50.03,1328980.12
2026-03-10 17:57:10,394.36,394.81,394.73,127.08,95.6,98.91,71.46,15.32,0.98,50.01,1328980.88
2026-03-10 17:57:34,394.94,395.26,395.62,149.39,106.7,93.69,77.46,18.4,0.97,50.02,1328981.38
2026-03-10 17:58:13,394.32,394.66,394.81,139.8,106.36,94.18,75.35,17.43,0.97,50.03,1328982.25
2026-03-10 17:58:38,394.49,394.49,142.2,106.51,94.14,94.14,18.06,18.06,0.97,49.99,1328982.75
2026-03-10 17:59:15,393.69,394.72,394.78,154.38,106.42,94.23,78.42,18.85,0.97,50.04,1328983.5
2026-03-10 17:59:40,393.93,395.13,395.08,156.88,106.49,92.57,78.58,19.54,0.97,50.04,1328984.12
2026-03-10 18:00:18,392.95,394.22,394.49,162.11,106.15,90.56,79.23,18.7,0.97,49.96,1328985.0
2026-03-10 18:00:43,393.89,394.9,395.21,148.83,105.86,90.29,76.35,17.73,0.97,49.99,1328985.5
2026-03-10 18:01:22,393.75,394.68,394.54,148.44,95.14,102.11,76.54,17.55,0.97,49.99,1328986.38
2026-03-10 18:01:46,393.39,394.14,394.04,149.09,95.19,102.6,76.84,17.64,0.97,49.97,1328986.75
2026-03-10 18:02:25,394.41,395.38,395.09,148.25,95.37,101.11,76.42,17.52,0.97,50.04,1328987.62
2026-03-10 18:02:49,394.27,395.62,395.1,160.25,95.28,101.85,79.26,18.42,0.97,50.01,1328988.12
2026-03-10 18:03:28,394.38,395.14,395.18,148.84,95.22,101.19,76.57,17.56,0.97,50.02,1328988.88
2026-03-10 18:04:32,394.66,395.15,395.36,136.65,104.24,90.76,73.54,16.55,0.97,50.03,1328990.38
2026-03-10 18:04:55,394.03,394.69,394.99,136.54,95.16,89.67,71.37,15.47,0.97,49.98,1328990.88
2026-03-10 18:05:35,394.39,395.08,395.08,130.35,97.3,89.69,70.48,15.53,0.97,49.97,1328991.62
2026-03-10 18:05:57,0.0,395.46,1328992.0,130.02,-0.0,0.0,0.0,15.59,0.0,50.0,395.41
2026-03-10 18:06:37,395.31,395.99,395.7,129.73,94.96,86.31,69.07,15.52,0.97,50.01,1328992.75
2026-03-10 18:07:00,395.24,395.59,395.65,129.88,94.91,89.15,69.78,15.6,0.97,49.97,1328993.25
2026-03-10 18:07:40,394.08,395.08,395.3,150.47,105.89,89.15,76.37,18.49,0.97,49.99,1328994.0
2026-03-10 18:08:03,393.72,394.84,395.07,154.37,105.88,89.53,77.28,18.58,0.97,49.96,1328994.5
2026-03-10 18:08:43,393.93,394.69,395.11,143.22,105.98,89.64,74.96,17.69,0.97,49.96,1328995.5
2026-03-10 18:09:06,393.96,394.6,394.79,143.33,105.97,91.15,75.27,17.91,0.97,49.96,1328995.88
2026-03-10 18:09:46,394.34,394.5,395.1,132.2,105.73,87.24,71.97,16.58,0.97,49.97,1328996.75
2026-03-10 18:10:09,394.6,394.6,395.14,394.79,105.68,105.68,70.88,70.88,0.97,0.97,49.97
2026-03-10 18:10:49,394.56,394.83,395.11,125.42,105.86,87.11,70.5,16.55,0.97,49.99,1328997.88
2026-03-10 18:11:12,395.23,395.71,395.41,126.32,94.89,86.74,68.4,15.5,0.97,49.98,1328998.38
2026-03-10 18:11:51,395.18,395.5,395.6,126.68,94.91,87.69,68.69,15.59,0.97,50.01,1328999.12
2026-03-10 18:12:15,394.74,395.26,395.29,131.37,96.32,89.99,70.18,15.41,0.97,49.99,1328999.5
2026-03-10 18:12:54,391.72,392.21,392.06,144.19,96.02,90.0,72.85,15.59,0.98,49.97,1329000.38
2026-03-10 18:13:18,0.0,0.0,0.0,132.8,391.85,89.78,391.8,132.87,96.39,49.96,70.42
2026-03-10 18:13:57,391.97,392.13,392.36,134.5,96.3,89.72,70.8,14.78,0.98,49.98,1329001.62
2026-03-10 18:14:21,391.08,391.63,391.51,134.63,97.2,89.95,70.98,14.89,0.98,49.96,1329002.12
2026-03-10 18:15:00,391.61,391.86,392.02,135.19,96.91,89.97,71.04,14.83,0.98,49.96,1329002.88
2026-03-10 18:15:24,390.66,391.47,391.5,146.57,96.24,89.95,73.42,15.66,0.98,49.96,1329003.25
2026-03-10 18:16:02,391.5,391.73,391.95,123.3,96.23,89.63,68.32,13.94,0.98,49.96,1329004.0
2026-03-10 18:16:27,391.15,391.24,391.4,123.27,96.2,89.68,68.23,13.89,0.98,49.95,1329004.5
2026-03-10 18:17:05,392.4,392.6,392.51,121.22,96.09,89.21,68.48,14.44,0.98,49.96,1329005.25
2026-03-10 18:17:29,396.32,396.56,396.97,139.13,106.82,86.87,74.08,16.58,0.97,49.95,1329005.88
2026-03-10 18:18:08,396.0,396.57,397.09,151.96,107.01,90.34,77.85,17.57,0.97,49.96,1329006.62
2026-03-10 18:18:32,396.6,396.87,397.24,141.56,106.78,90.11,75.44,16.61,0.97,49.96,1329007.12
2026-03-10 18:19:11,399.29,399.58,399.88,141.16,106.68,89.76,75.69,17.07,0.97,50.03,1329007.88
2026-03-10 18:19:35,393.8,394.16,394.59,144.89,107.27,90.39,75.95,16.06,0.97,49.95,1329008.38
2026-03-10 18:20:13,394.6,394.21,394.6,133.67,106.95,93.83,74.31,15.03,0.98,49.96,1329009.25
2026-03-10 18:20:38,394.12,394.58,394.82,144.2,107.08,90.03,75.78,15.95,0.97,49.97,1329009.62
2026-03-10 18:21:16,394.6,394.82,395.03,133.36,96.01,87.53,70.56,13.98,0.98,50.04,1329010.38
2026-03-10 18:21:40,393.71,394.59,394.82,133.49,95.95,84.17,69.74,13.95,0.98,50.03,1329011.0
2026-03-10 18:22:19,393.49,393.98,394.29,134.19,95.82,84.33,69.86,14.05,0.98,49.99,1329011.75
2026-03-10 18:22:43,393.47,394.03,394.21,134.17,96.01,84.3,69.81,13.98,0.98,50.01,1329012.25
2026-03-10 18:23:22,393.25,394.03,394.68,146.64,96.04,84.13,72.6,14.94,0.98,49.99,1329013.0
2026-03-10 18:23:46,394.49,394.99,395.09,133.73,96.2,84.0,69.8,14.07,0.98,50.0,1329013.38
2026-03-10 18:24:27,394.27,394.67,394.76,133.84,96.31,86.44,70.06,14.04,0.98,50.04,1329014.25
2026-03-10 18:24:49,393.58,393.99,393.78,133.9,96.37,91.0,71.4,14.02,0.98,50.03,1329014.62
2026-03-10 18:25:30,393.61,393.47,393.91,134.04,96.04,86.55,70.32,13.95,0.98,50.01,1329015.38
2026-03-10 18:25:52,393.51,394.24,394.41,144.31,96.01,86.6,72.63,14.82,0.98,49.98,1329015.88
2026-03-10 18:26:32,393.95,394.29,394.4,139.41,96.05,86.62,71.61,14.06,0.98,49.99,1329016.75
2026-03-10 18:26:54,394.01,394.43,394.29,131.14,96.23,86.51,69.74,14.01,0.98,49.99,1329017.12
2026-03-10 18:27:35,393.8,394.34,394.23,141.58,96.3,86.96,72.15,14.94,0.98,49.97,1329018.0
2026-03-10 18:27:57,393.62,394.02,394.39,136.1,105.79,87.01,72.77,16.08,0.97,49.96,1329018.38
2026-03-10 18:28:38,393.03,393.25,393.45,135.96,106.97,87.21,72.99,16.03,0.97,49.96,1329019.25
2026-03-10 18:29:02,0.0,394.46,394.46,107.35,107.35,86.24,16.08,0.97,0.97,1329019.62,2986779869184.0
2026-03-10 18:29:41,394.23,394.12,394.29,124.64,107.05,88.61,70.96,14.99,0.97,49.97,1329020.5
2026-03-10 18:30:04,394.22,394.29,394.29,124.87,107.01,85.62,70.3,15.14,0.97,49.95,1329020.88
2026-03-10 18:30:44,393.06,393.35,393.4,139.84,106.94,87.62,73.55,15.75,0.97,49.97,1329021.75
2026-03-10 18:31:07,393.79,394.02,394.17,137.99,97.28,87.41,71.63,14.76,0.98,49.99,1329022.25
2026-03-10 18:31:47,394.18,394.37,394.54,124.22,96.64,86.87,68.4,13.94,0.98,50.0,1329023.0
2026-03-10 18:32:10,394.19,393.95,394.25,124.32,95.88,86.81,68.2,13.86,0.98,50.05,1329023.38
2026-03-10 18:32:49,394.24,394.18,394.04,124.42,95.93,88.71,68.67,13.88,0.98,50.03,1329024.12
2026-03-10 18:33:13,394.27,394.01,394.17,124.54,95.99,86.77,68.25,14.02,0.98,49.94,1329024.62
2026-03-10 18:33:52,393.98,393.87,394.01,124.36,95.88,84.38,67.62,13.98,0.98,49.96,1329025.25
2026-03-10 18:34:15,67.67,0.98,50.01,124.5,2988409618432.0,84.44,0.0,13.94,0.0,-0.0,1329025.75
2026-03-10 18:34:55,390.99,390.78,390.96,125.48,96.09,85.31,67.77,13.52,0.98,50.05,1329026.5
2026-03-10 18:35:18,395.93,396.52,396.19,134.59,95.84,89.38,71.33,15.28,0.97,50.04,1329027.0
2026-03-10 18:35:58,395.48,396.14,395.77,146.76,95.89,88.94,73.81,16.16,0.97,50.05,1329027.75
2026-03-10 18:36:21,395.95,395.67,396.03,396.03,95.92,95.92,70.84,70.8,0.97,0.97,1329028.25
2026-03-10 18:37:00,395.87,395.98,396.08,135.45,106.53,86.78,73.08,16.38,0.97,50.03,1329029.0
2026-03-10 18:37:24,395.55,395.7,395.9,135.55,106.67,86.81,73.11,16.39,0.97,50.0,1329029.5
2026-03-10 18:38:03,396.31,396.41,396.3,135.26,107.0,96.87,75.34,17.43,0.97,50.05,1329030.25
2026-03-10 18:38:27,2989755465728.0,396.14,0.0,134.66,0.0,0.0,76.21,396.16,396.37,50.04,396.18
2026-03-10 18:39:06,396.1,396.01,395.69,124.48,105.88,98.24,72.97,16.31,0.97,50.01,1329031.5
2026-03-10 18:39:30,395.99,396.05,395.83,124.8,105.92,101.4,73.84,16.34,0.97,50.01,1329032.12
2026-03-10 18:40:09,396.22,396.35,395.62,129.36,95.09,98.78,71.75,17.17,0.97,50.02,1329032.88
2026-03-10 18:40:33,396.31,396.54,395.95,129.4,95.06,98.25,71.67,17.11,0.97,50.05,1329033.38
2026-03-10 18:41:11,398.94,398.84,398.37,139.09,95.03,101.99,75.01,18.19,0.97,50.0,1329034.12
2026-03-10 18:41:35,393.56,394.0,393.45,129.36,95.3,98.39,71.45,16.19,0.97,50.0,1329034.62
2026-03-10 18:42:20,393.83,394.41,393.87,129.5,95.1,96.17,71.0,16.04,0.97,50.01,1329035.5
2026-03-10 18:42:40,0.0,394.17,0.0,129.5,95.01,99.74,71.79,15.95,0.97,50.01,1329035.88
2026-03-10 18:43:23,393.77,394.15,393.47,130.54,94.55,104.15,72.96,15.97,0.97,50.03,1329036.75
2026-03-10 18:43:43,393.19,394.12,393.22,140.91,95.65,105.39,75.65,16.91,0.97,50.0,1329037.12
2026-03-10 18:44:25,393.6,394.02,393.34,129.7,95.27,100.0,71.91,15.99,0.97,50.03,1329038.12
2026-03-10 18:44:45,393.33,393.72,392.81,138.54,95.42,104.05,74.67,17.0,0.97,50.01,1329038.5
2026-03-10 18:45:28,392.88,393.72,392.94,140.34,95.23,103.88,75.01,17.03,0.97,50.0,1329039.38
2026-03-10 18:45:48,389.88,390.58,389.77,140.7,95.6,104.23,74.74,16.52,0.97,49.98,1329039.75
2026-03-10 18:46:31,394.49,395.45,394.89,153.63,107.34,104.17,79.45,19.44,0.97,49.96,1329040.62
2026-03-10 18:46:51,395.23,395.69,395.23,138.72,107.47,104.41,77.65,18.64,0.97,49.97,1329041.12
2026-03-10 18:47:34,394.45,395.3,394.88,139.39,107.05,104.52,77.68,18.52,0.97,49.97,1329042.0
2026-03-10 18:47:54,394.9,395.25,394.93,139.51,107.09,102.52,77.2,18.64,0.97,49.96,1329042.38
2026-03-10 18:48:36,395.3,395.31,395.07,129.26,107.03,101.32,74.79,17.52,0.97,50.02,1329043.38
2026-03-10 18:48:56,395.6,396.06,395.51,140.7,107.0,101.08,77.3,18.43,0.97,50.03,1329043.88
2026-03-10 18:49:39,395.69,396.08,395.58,133.77,95.92,100.39,73.37,16.46,0.97,49.99,1329044.62
2026-03-10 18:49:59,395.77,396.31,395.27,133.88,96.13,102.98,74.05,16.36,0.97,50.02,1329045.12
2026-03-10 18:50:42,395.71,396.08,395.66,136.08,96.1,100.82,73.29,16.58,0.97,50.02,1329045.88
2026-03-10 18:51:02,395.97,396.28,395.55,130.63,96.22,100.78,72.84,16.57,0.97,50.01,1329046.38
2026-03-10 18:51:45,395.72,396.18,395.37,130.36,96.11,102.67,73.2,16.46,0.97,50.01,1329047.25
2026-03-10 18:52:06,398.71,398.97,398.29,129.84,96.05,102.29,73.38,17.05,0.97,49.99,1329047.62
2026-03-10 18:52:48,393.4,393.59,392.75,128.48,96.09,102.64,72.36,15.94,0.97,50.01,1329048.62
2026-03-10 18:53:08,393.38,393.86,393.16,129.43,96.21,102.82,72.69,16.02,0.97,50.04,1329049.0
2026-03-10 18:53:50,391.82,392.48,391.75,140.91,96.33,106.69,75.87,16.67,0.97,49.95,1329049.88
2026-03-10 18:54:11,391.09,391.95,391.12,129.59,96.34,103.12,72.49,15.81,0.97,49.95,1329050.25
2026-03-10 18:54:53,392.45,393.04,392.45,128.95,96.3,100.73,71.99,15.9,0.97,50.01,1329051.0
2026-03-10 18:55:14,392.98,393.31,392.71,128.73,96.4,100.79,71.98,15.9,0.97,50.0,1329051.5
2026-03-10 18:55:58,392.85,393.2,392.82,139.78,107.81,103.84,77.47,18.12,0.97,50.02,1329052.38
2026-03-10 18:56:17,393.03,393.28,392.98,139.91,107.66,103.94,77.46,18.1,0.97,50.0,1329052.75
2026-03-10 18:57:01,393.08,393.58,393.03,140.51,107.75,105.19,77.93,18.28,0.97,50.01,1329053.88
2026-03-10 18:57:20,393.42,393.92,393.21,140.11,107.74,108.87,78.76,18.25,0.97,50.03,1329054.25
2026-03-10 18:58:05,393.28,393.85,393.13,139.4,107.87,105.48,77.82,18.2,0.97,50.03,1329055.25
2026-03-10 18:58:23,-0.0,394.08,0.0,0.0,-0.0,105.43,0.0,17.27,0.97,393.98,393.68
2026-03-10 18:59:08,393.55,393.88,393.3,139.54,106.66,105.33,77.69,18.05,0.97,50.04,1329056.5
2026-03-10 18:59:26,393.85,394.17,393.02,128.28,95.81,108.39,73.62,16.08,0.97,50.03,1329056.88
2026-03-10 19:00:11,393.06,393.71,392.82,128.67,95.02,104.4,72.53,16.04,0.97,49.98,1329057.75
2026-03-10 19:00:29,389.55,390.18,389.37,129.33,95.03,102.32,71.65,15.51,0.98,49.96,1329058.12
2026-03-10 19:01:13,395.6,396.1,395.04,129.47,94.25,107.0,73.54,16.48,0.97,50.04,1329059.12
2026-03-10 19:01:31,395.21,396.2,395.16,140.97,94.1,103.34,75.15,17.31,0.97,50.04,1329059.5
2026-03-10 19:02:16,395.57,396.27,395.28,129.14,94.41,101.52,72.21,16.66,0.97,50.0,1329060.38
2026-03-10 19:02:34,395.84,396.39,395.58,128.97,94.23,100.89,72.03,16.57,0.97,50.01,1329060.75
2026-03-10 19:03:19,395.63,396.2,395.26,129.31,94.37,103.67,72.75,16.56,0.97,50.01,1329061.62
2026-03-10 19:03:37,395.97,396.44,395.57,129.33,94.39,103.71,72.82,16.61,0.97,50.02,1329061.88
2026-03-10 19:04:22,395.51,396.37,395.48,143.17,94.58,103.79,75.82,17.47,0.97,49.99,1329062.88
2026-03-10 19:04:40,395.81,396.42,395.5,129.61,94.84,103.7,72.96,16.63,0.97,49.98,1329063.25
2026-03-10 19:05:24,396.17,397.09,396.01,138.4,94.0,103.81,74.76,17.65,0.97,50.04,1329064.25
2026-03-10 19:05:43,396.43,397.41,396.32,139.88,94.01,103.99,75.19,17.66,0.97,50.03,1329064.62
2026-03-10 19:06:27,395.93,396.61,395.97,140.94,105.25,103.08,77.46,18.76,0.97,50.0,1329065.5
2026-03-10 19:06:45,398.36,399.11,398.41,151.72,0.0,399.11,152.08,105.09,102.62,50.0,20.06
2026-03-10 19:07:30,393.1,393.7,392.98,140.44,105.6,103.78,77.18,18.08,0.97,50.02,1329066.88
2026-03-10 19:07:48,392.91,393.53,393.04,139.94,105.48,107.04,77.8,18.08,0.97,50.02,1329067.25
2026-03-10 19:08:33,393.16,393.49,392.86,130.37,105.25,106.61,75.42,17.12,0.97,50.02,1329068.12
2026-03-10 19:08:51,393.07,393.31,392.67,129.65,105.35,104.22,74.83,17.06,0.97,50.01,1329068.5
2026-03-10 19:09:36,392.89,393.42,392.57,129.39,96.7,106.39,73.39,16.6,0.97,49.99,1329069.62
2026-03-10 19:09:53,392.99,393.43,392.68,129.33,96.74,105.98,73.31,16.56,0.97,50.0,1329070.0
2026-03-10 19:10:38,393.34,393.69,392.97,127.67,96.46,105.1,72.71,16.51,0.97,50.01,1329070.88
2026-03-10 19:10:56,393.4,393.8,393.07,127.56,96.33,104.82,72.62,16.53,0.97,50.0,1329071.25
2026-03-10 19:11:41,395.45,396.27,395.62,143.66,96.04,102.59,75.95,17.84,0.97,49.98,1329072.12
2026-03-10 19:12:00,395.64,396.15,395.36,132.81,95.81,107.89,74.7,16.89,0.97,50.02,1329072.5
2026-03-10 19:12:44,395.61,396.1,395.46,132.52,95.57,101.37,73.07,17.02,0.97,49.96,1329073.38
2026-03-10 19:13:02,395.41,395.67,395.04,124.97,95.66,101.72,71.42,16.81,0.97,49.96,1329073.75
2026-03-10 19:13:47,396.5,396.74,396.02,120.6,95.8,101.21,70.44,16.99,0.97,50.03,1329074.5
2026-03-10 19:14:05,395.89,396.16,395.33,120.9,93.75,101.32,70.13,16.3,0.97,49.99,1329075.0
2026-03-10 19:14:49,395.34,395.66,394.79,121.01,93.88,105.06,71.03,16.28,0.97,49.97,1329075.88
2026-03-10 19:15:08,395.74,395.93,395.19,119.98,93.74,101.48,70.0,16.26,0.97,50.01,1329076.25
2026-03-10 19:15:52,395.48,396.09,395.4,131.62,93.81,101.85,72.62,17.29,0.97,50.04,1329077.12
2026-03-10 19:16:11,395.61,396.25,395.38,132.02,93.66,101.99,72.74,17.35,0.97,50.0,1329077.5
2026-03-10 19:16:55,395.05,395.64,395.42,143.61,105.02,92.72,75.59,18.56,0.97,49.98,1329078.38
2026-03-10 19:17:13,395.29,395.62,395.43,133.52,105.17,89.59,72.71,17.52,0.97,50.0,1329078.75
2026-03-10 19:17:58,393.04,393.36,393.12,134.75,105.62,89.81,72.88,17.03,0.97,50.04,1329079.62
2026-03-10 19:18:16,393.33,393.62,393.38,134.68,105.39,89.86,72.81,17.11,0.97,50.01,1329080.12
2026-03-10 19:19:00,392.31,392.25,392.31,122.39,105.06,85.29,68.87,15.83,0.97,49.97,1329081.0
2026-03-10 19:19:19,392.3,392.51,392.44,133.6,104.86,85.63,71.35,16.59,0.97,50.0,1329081.25
2026-03-10 19:20:03,392.91,393.13,392.8,121.88,93.7,87.84,67.09,14.76,0.97,50.01,1329082.12
2026-03-10 19:20:22,392.83,393.05,392.79,121.9,93.65,84.6,66.3,14.77,0.97,50.0,1329082.5
2026-03-10 19:21:06,393.27,393.42,393.27,121.97,93.67,84.06,66.28,14.79,0.97,50.03,1329083.25
2026-03-10 19:21:25,393.08,393.25,393.06,121.45,93.65,83.58,66.0,14.79,0.97,50.0,1329083.62
2026-03-10 19:22:09,390.16,390.36,390.24,124.88,93.29,84.13,65.67,14.36,0.98,50.04,1329084.38
2026-03-10 19:22:27,395.44,395.61,395.34,120.89,93.34,86.11,66.71,15.23,0.97,50.02,1329084.75
2026-03-10 19:23:11,396.09,396.26,395.96,120.85,93.34,83.42,66.17,15.28,0.97,50.05,1329085.62
2026-03-10 19:23:30,396.27,396.31,396.09,121.16,93.46,86.86,67.11,15.23,0.97,50.05,1329086.0
2026-03-10 19:24:14,395.44,395.91,395.55,131.73,93.99,83.7,68.2,18.36,0.97,50.03,1329086.75
2026-03-10 19:24:33,395.47,395.99,395.72,133.07,93.89,84.25,69.13,16.07,0.97,50.01,1329087.12
2026-03-10 19:25:17,395.69,396.2,395.75,130.32,93.55,83.9,68.31,16.21,0.97,50.04,1329087.88
2026-03-10 19:25:36,395.67,396.23,395.83,131.41,93.54,87.46,69.41,16.26,0.97,50.0,1329088.25
2026-03-10 19:26:20,396.03,396.26,396.29,132.11,102.14,84.04,70.48,17.59,0.97,49.99,1329089.12
2026-03-10 19:26:39,395.71,395.97,395.92,131.47,104.76,84.0,71.39,17.69,0.97,49.98,1329089.5
2026-03-10 19:27:23,395.68,395.9,395.84,130.21,104.66,86.61,71.21,17.42,0.97,49.97,1329090.38
2026-03-10 19:27:41,395.47,395.75,395.68,131.19,104.36,87.88,71.65,17.37,0.97,49.98,1329090.75
2026-03-10 19:28:25,399.05,399.36,399.26,132.04,104.29,87.07,72.1,18.38,0.97,50.04,1329091.62
2026-03-10 19:28:44,393.61,393.58,393.82,121.09,104.34,84.52,68.42,16.2,0.97,49.99,1329092.0
2026-03-10 19:29:28,393.8,394.28,394.0,132.36,93.6,84.09,68.6,15.86,0.97,50.04,1329092.88
2026-03-10 19:29:47,393.86,394.11,393.73,121.61,93.5,87.63,67.06,15.08,0.97,50.02,1329093.12
2026-03-10 19:30:31,393.89,394.18,393.86,122.02,93.74,83.97,66.34,15.16,0.97,50.0,1329094.0
2026-03-10 19:30:50,393.84,394.25,393.86,122.46,93.56,83.78,66.37,15.18,0.97,50.0,1329094.25
2026-03-10 19:31:34,394.12,394.54,394.09,122.88,93.78,83.95,66.56,15.15,0.97,50.05,1329095.12
2026-03-10 19:31:52,393.76,394.51,394.05,133.89,93.61,84.08,68.95,15.92,0.97,50.04,1329095.5
2026-03-10 19:32:36,393.93,394.36,393.94,123.68,93.42,84.02,66.65,15.23,0.97,49.95,1329096.38
2026-03-10 19:32:55,390.97,391.26,390.94,124.25,93.54,84.25,66.44,14.73,0.97,49.96,1329096.75
2026-03-10 19:33:39,396.49,396.87,396.54,128.97,93.49,83.28,68.07,15.61,0.97,50.0,1329097.5
2026-03-10 19:33:58,396.02,396.57,396.16,129.44,93.35,83.23,68.07,15.58,0.97,49.96,1329097.88
2026-03-10 19:34:42,396.05,396.9,396.56,140.01,93.31,83.21,70.39,16.57,0.97,49.96,1329098.75
2026-03-10 19:35:01,396.79,397.2,396.82,127.15,93.55,83.36,67.71,15.68,0.97,49.97,1329099.0
2026-03-10 19:35:45,396.89,397.2,396.79,121.58,93.51,86.53,67.12,15.95,0.97,49.95,1329099.88
2026-03-10 19:36:04,396.76,397.17,396.77,121.98,93.51,83.45,66.53,15.74,0.97,49.95,1329100.12
2026-03-10 19:36:48,395.59,396.59,396.27,151.35,104.58,83.63,74.66,18.74,0.97,49.96,1329101.0
2026-03-10 19:37:06,396.22,397.19,396.93,146.17,104.6,83.82,74.13,18.88,0.97,49.99,1329101.5
2026-03-10 19:37:50,396.49,396.9,396.62,133.68,104.83,84.23,71.54,17.95,0.97,49.96,1329102.38
2026-03-10 19:38:09,396.43,396.94,396.73,134.58,104.81,84.39,71.79,17.96,0.97,49.96,1329102.75
2026-03-10 19:38:53,396.98,397.08,396.94,122.17,104.4,83.92,68.97,16.82,0.97,50.03,1329103.62
2026-03-10 19:39:12,396.95,397.09,396.94,121.89,104.01,83.73,68.75,16.82,0.97,50.01,1329104.0
2026-03-10 19:39:56,396.8,397.24,396.77,121.83,92.96,83.16,66.3,15.77,0.97,49.97,1329104.75
2026-03-10 19:40:15,397.05,397.63,397.22,129.29,92.69,82.77,67.92,15.81,0.97,49.98,1329105.12
2026-03-11 09:39:10,398.09,398.05,397.99,83.69,79.59,71.2,397.68,397.41,83.69,49.95,71.54
2026-03-11 09:39:13,21.98,397.55,0.91,1329785.5,79.74,-0.0,0.0,0.0,-0.0,49.95,0.0
2026-03-11 09:40:13,397.79,397.79,83.02,68.9,68.9,47.4,21.06,0.91,0.91,1329786.25,3197121593344.0
2026-03-11 09:40:17,397.48,397.94,397.5,83.03,68.93,75.02,47.36,21.05,0.91,49.96,1329786.38
2026-03-11 09:41:16,397.91,397.65,397.88,397.37,68.76,68.76,47.65,47.74,0.91,21.08,49.98
2026-03-11 09:41:23,398.26,398.67,398.12,84.05,68.73,75.44,47.72,21.02,0.91,49.98,1329787.25
2026-03-11 09:42:19,397.69,397.25,397.01,397.01,68.84,0.0,68.84,47.76,0.91,0.91,1329787.88
2026-03-11 09:42:29,397.14,397.43,397.14,83.83,68.71,75.8,47.71,20.95,0.91,49.96,1329788.0
2026-03-11 09:43:22,397.88,398.33,397.56,83.44,68.8,75.52,47.59,20.99,0.91,49.97,1329788.75
2026-03-11 09:43:32,398.17,398.14,397.68,82.83,68.07,75.3,47.27,20.78,0.91,50.03,1329788.88
2026-03-11 09:44:24,398.14,398.33,397.66,82.18,67.32,75.23,46.89,20.86,0.91,50.0,1329789.62
2026-03-11 09:44:35,397.57,397.99,397.24,82.15,67.37,74.77,46.78,20.79,0.91,50.01,1329789.75
2026-03-11 09:45:27,397.32,397.92,397.11,92.22,68.81,75.05,49.17,22.04,0.91,49.96,1329790.5
2026-03-11 09:45:38,397.25,397.68,397.18,93.71,68.64,75.08,49.46,22.04,0.91,49.96,1329790.62
2026-03-11 09:46:30,397.38,397.53,397.1,93.6,79.49,74.49,51.6,23.0,0.91,49.98,1329791.38
2026-03-11 09:46:40,397.0,397.28,396.78,93.99,78.29,71.3,50.62,22.83,0.91,49.98,1329791.5
2026-03-11 09:47:33,396.78,397.44,397.11,105.18,78.23,68.48,52.39,23.55,0.91,50.03,1329792.25
2026-03-11 09:47:43,396.98,397.64,397.21,107.97,78.39,68.6,53.09,23.74,0.91,50.02,1329792.38
2026-03-11 09:48:36,397.55,397.48,397.31,83.13,78.36,68.38,47.77,21.67,0.91,50.03,1329793.0
2026-03-11 09:48:46,397.45,397.52,397.34,83.02,78.08,68.2,47.63,21.66,0.91,50.04,1329793.25
2026-03-11 09:49:39,397.7,397.5,397.24,84.74,67.67,68.28,45.82,20.87,0.91,50.04,1329793.88
2026-03-11 09:49:49,397.1,397.97,397.61,94.15,67.85,68.54,48.07,21.44,0.91,50.02,1329794.0
2026-03-11 09:52:39,397.59,1329796.38,397.12,3200018284544.0,0.0,70.89,-0.0,20.49,0.0,397.35,396.95
2026-03-11 09:52:49,397.33,397.6,396.99,82.76,67.82,70.99,46.05,20.33,0.91,49.99,1329796.5
2026-03-11 09:53:42,1329797.12,-0.0,396.77,0.0,79.97,0.0,48.63,397.17,397.17,49.97,82.87
2026-03-11 09:53:56,396.92,397.02,396.74,82.96,79.99,71.3,48.87,21.62,0.91,49.97,1329797.38
2026-03-11 09:54:45,0.0,0.0,0.0,95.36,396.61,397.24,52.5,95.33,80.15,0.0,22.38
2026-03-11 09:55:02,397.41,397.16,396.86,82.56,82.76,74.2,50.22,21.71,0.91,49.99,1329798.25
2026-03-11 09:55:49,0.0,396.58,396.85,396.82,79.77,83.39,48.94,71.36,48.94,49.99,0.91
2026-03-11 09:56:08,397.02,396.92,397.04,83.6,80.11,71.7,49.2,21.48,0.91,50.0,1329799.12
2026-03-11 09:56:52,396.91,396.91,396.98,94.23,80.66,71.52,51.57,22.29,0.91,49.98,1329799.75
2026-03-11 09:57:13,397.35,397.07,397.1,85.25,82.26,73.08,50.11,22.4,0.91,49.99,1329800.12
2026-03-11 09:57:55,397.72,397.72,396.95,82.66,82.66,70.89,79.72,48.69,21.58,50.0,50.0
2026-03-11 09:58:16,397.84,397.87,397.57,82.69,79.82,71.46,48.86,21.7,0.91,50.01,1329801.0
2026-03-11 09:58:58,397.95,397.95,397.91,398.18,80.39,80.39,51.62,52.43,0.91,0.91,1329801.5
2026-03-11 09:59:19,397.75,398.03,397.97,99.0,83.47,74.84,53.79,23.54,0.91,50.02,1329801.88
2026-03-11 10:00:01,398.49,398.63,398.53,83.41,80.93,71.3,49.33,21.85,0.91,0.91,1329802.38
2026-03-11 10:00:25,397.95,397.85,397.69,82.58,80.51,70.79,48.84,21.74,0.91,49.95,1329802.75
2026-03-11 10:01:04,398.52,398.52,398.71,398.71,80.12,80.12,51.27,51.27,0.91,0.91,49.96
2026-03-11 10:01:28,398.68,399.11,398.95,106.97,80.66,73.96,55.31,22.87,0.92,49.98,1329803.62
2026-03-11 10:02:07,394.14,394.16,394.21,90.77,79.55,70.22,50.29,20.83,0.92,50.03,1329804.12
2026-03-11 10:02:30,393.51,393.52,393.85,95.14,81.13,72.08,51.9,21.57,0.92,50.01,1329804.5
2026-03-11 10:03:09,393.84,393.92,393.98,90.92,79.51,70.64,50.44,20.77,0.92,50.01,1329805.0
2026-03-11 10:03:33,393.23,393.55,393.69,104.79,81.61,76.19,54.79,22.79,0.92,50.03,1329805.5
2026-03-11 10:04:12,393.42,393.46,393.66,90.69,79.01,70.36,50.08,20.81,0.92,50.01,1329806.12
2026-03-11 10:04:36,393.19,393.13,393.15,92.15,80.18,72.18,50.76,21.61,0.92,50.0,1329806.38
2026-03-11 10:05:15,392.18,392.15,392.09,92.61,80.44,72.93,51.11,21.3,0.92,50.05,1329807.0
2026-03-11 10:05:39,392.79,393.38,393.37,101.93,78.93,70.03,52.39,21.52,0.92,50.05,1329807.25
2026-03-11 10:07:34,393.32,393.66,393.41,94.16,78.07,73.92,51.26,21.7,0.92,50.03,1329808.88
2026-03-11 10:07:58,393.39,393.7,393.32,96.78,79.14,75.06,52.37,21.79,0.92,50.05,1329809.12
2026-03-11 10:08:37,393.64,393.56,393.31,84.61,79.42,79.38,50.89,20.94,0.92,50.05,1329809.75
2026-03-11 10:09:00,393.58,393.5,393.44,84.06,82.75,78.27,51.23,21.19,0.92,50.03,1329810.0
2026-03-11 10:09:39,393.41,393.62,393.3,83.87,79.25,79.12,50.61,21.06,0.92,50.0,1329810.75
2026-03-11 10:10:03,392.95,393.41,393.16,95.29,79.31,86.26,54.77,21.88,0.92,50.01,1329811.0
2026-03-11 10:10:42,393.36,393.26,393.19,83.76,79.18,79.16,50.64,20.9,0.92,49.96,1329811.62
2026-03-11 10:11:06,393.15,393.27,392.91,84.66,81.17,79.18,51.26,20.86,0.92,49.97,1329811.88
2026-03-11 10:11:45,392.99,393.15,392.94,85.15,81.14,76.99,50.93,20.69,0.92,49.99,1329812.5
2026-03-11 10:12:09,392.81,392.91,392.91,95.48,81.17,74.17,52.48,21.36,0.92,50.01,1329812.75
2026-03-11 10:12:48,392.87,392.78,392.74,84.81,81.34,69.62,49.1,20.57,0.92,49.96,1329813.38
2026-03-11 10:13:12,393.11,392.9,392.97,84.73,81.48,70.0,49.23,20.59,0.92,49.96,1329813.62
2026-03-11 10:13:51,393.27,392.95,393.32,84.73,83.64,66.56,48.95,20.57,0.92,49.97,1329814.12
2026-03-11 10:14:14,393.23,392.94,393.38,84.21,82.93,65.59,48.28,20.67,0.92,49.98,1329814.5
2026-03-11 10:14:53,393.35,393.16,393.51,84.65,83.57,65.64,48.73,20.6,0.92,49.99,1329815.0
2026-03-11 10:15:17,392.82,392.35,392.9,84.65,81.94,65.48,48.25,20.47,0.92,49.96,1329815.38
2026-03-11 10:15:56,393.26,392.99,393.48,84.26,83.06,65.44,48.48,20.52,0.92,50.02,1329815.88
2026-03-11 10:16:20,393.28,392.98,393.52,84.55,81.82,65.87,48.36,20.5,0.92,50.01,1329816.25
2026-03-11 10:16:59,392.76,393.01,393.52,96.68,81.14,65.09,50.55,21.42,0.92,49.97,1329816.75
2026-03-11 10:17:23,392.84,392.8,393.01,84.19,81.18,68.13,48.62,20.45,0.92,49.96,1329817.12
2026-03-11 10:18:02,392.86,392.96,392.95,83.37,81.31,64.71,47.62,20.57,0.91,49.95,1329817.62
2026-03-11 10:18:25,392.56,392.66,392.81,83.04,80.95,64.73,47.39,20.51,0.91,49.94,1329817.88
2026-03-11 10:19:04,392.14,392.33,392.52,95.72,83.08,72.05,52.48,21.18,0.92,49.95,1329818.5
2026-03-11 10:19:28,392.5,392.15,392.7,83.26,92.67,65.22,49.97,21.59,0.91,49.95,1329818.75
2026-03-11 10:20:07,392.66,391.81,392.36,76.13,92.43,65.47,48.23,21.57,0.91,49.96,1329819.25
2026-03-11 10:20:31,392.96,392.43,392.74,76.47,92.67,65.98,48.53,21.66,0.91,49.95,1329819.62
2026-03-11 10:21:10,392.65,392.22,392.79,87.38,92.17,65.92,50.72,22.36,0.91,49.97,1329820.12
2026-03-11 10:21:34,393.5,392.63,393.1,75.37,91.75,68.97,48.86,21.62,0.91,50.04,1329820.5
2026-03-11 10:22:13,393.2,392.43,393.13,75.64,91.82,65.38,48.06,21.54,0.91,50.04,1329821.0
2026-03-11 10:22:36,393.05,392.45,392.78,76.19,92.07,65.73,48.32,21.62,0.91,50.03,1329821.25
2026-03-11 10:23:15,391.76,391.73,391.88,86.43,92.31,65.24,50.33,22.37,0.91,50.0,1329821.88
2026-03-11 10:23:39,392.18,391.46,391.96,75.45,92.02,62.44,47.25,21.39,0.91,50.05,1329822.25
2026-03-11 10:24:18,398.03,397.19,397.86,76.36,93.34,63.55,48.33,22.72,0.9,50.04,1329822.75
2026-03-11 10:24:42,397.7,397.04,397.14,77.2,93.42,64.31,48.71,22.59,0.9,50.04,1329823.12
2026-03-11 10:25:21,397.95,397.18,397.9,76.31,93.25,63.0,48.15,22.75,0.9,50.02,1329823.62
2026-03-11 10:25:45,396.02,395.62,396.26,88.29,93.42,63.63,50.86,23.23,0.91,49.99,1329823.88
2026-03-11 10:26:24,397.36,396.69,396.98,76.71,93.94,66.32,49.28,22.52,0.91,50.03,1329824.38
2026-03-11 10:26:47,397.54,396.71,397.08,76.17,93.13,68.4,49.45,22.53,0.91,50.05,1329824.75
2026-03-11 10:27:26,397.71,396.98,397.5,76.08,94.59,64.99,48.99,22.51,0.91,50.04,1329825.25
2026-03-11 10:27:50,397.76,397.18,397.65,87.51,99.17,64.96,52.66,23.34,0.91,50.04,1329825.62
2026-03-11 10:28:29,397.0,395.95,396.92,76.22,97.61,65.33,49.86,22.48,0.91,50.0,1329826.12
2026-03-11 10:28:53,396.78,396.05,396.46,76.24,95.93,65.45,49.38,22.49,0.91,49.96,1329826.5
2026-03-11 10:29:32,396.51,396.06,396.41,75.81,96.52,65.5,49.44,22.49,0.91,49.96,1329827.12
2026-03-11 10:29:56,396.63,396.0,396.28,86.73,96.17,65.41,51.66,23.26,0.91,49.96,1329827.38
2026-03-11 10:46:01,397.64,397.36,398.02,101.5,111.5,65.66,58.43,25.64,0.91,49.97,1329841.88
2026-03-11 10:46:24,398.09,397.75,398.24,87.78,98.45,65.12,52.57,23.57,0.91,49.97,1329842.25
2026-03-11 11:04:49,398.0,397.04,398.25,95.96,104.16,58.51,55.02,22.04,0.93,50.05,1329857.88
2026-03-11 11:05:13,397.33,397.09,398.07,109.06,103.73,55.58,57.0,23.31,0.93,50.05,1329858.25
2026-03-11 11:21:52,397.26,397.65,398.1,104.68,87.52,60.87,53.23,22.28,0.92,49.96,1329873.0
2026-03-11 11:31:22,397.93,397.72,398.59,91.48,91.69,57.25,50.55,21.28,0.92,49.95,1329873.38
2026-03-11 11:32:01,398.27,397.77,398.65,86.32,92.54,55.63,49.15,21.51,0.91,49.98,1329881.5
2026-03-11 11:32:25,398.1,397.79,398.32,86.34,86.97,55.75,48.32,20.37,0.92,50.01,1329881.88
2026-03-11 11:33:03,397.41,397.66,398.26,96.84,86.8,55.98,50.59,21.14,0.92,50.02,1329882.38
2026-03-11 11:33:28,397.72,397.09,397.85,86.0,84.33,55.34,47.39,20.3,0.92,49.98,1329882.75
2026-03-11 11:34:06,397.66,397.27,397.85,85.26,85.65,54.82,47.41,20.41,0.91,49.97,1329883.25
2026-03-11 11:34:31,397.76,397.48,398.16,85.27,84.11,55.01,47.08,20.41,0.91,49.98,1329883.5
2026-03-11 11:35:09,398.48,398.16,398.74,85.58,84.6,55.26,50.87,23.82,0.9,50.04,1329884.0
2026-03-11 11:35:33,398.29,398.15,398.76,97.98,85.97,55.21,50.47,21.3,0.92,50.03,1329884.38
2026-03-11 11:36:12,398.45,398.05,398.59,85.05,85.68,57.82,48.22,20.5,0.92,50.02,1329884.88
2026-03-11 11:36:36,398.63,398.37,398.85,85.63,84.76,55.55,47.52,20.49,0.91,50.02,1329885.12
2026-03-11 11:37:14,398.55,397.91,398.72,85.75,84.94,55.52,47.56,20.52,0.91,50.0,1329885.75
2026-03-11 11:37:39,398.4,398.5,399.03,97.93,85.22,55.44,50.33,21.45,0.92,50.03,1329886.12
2026-03-11 11:38:17,397.58,397.26,398.09,86.68,94.11,56.09,49.7,21.47,0.91,49.97,1329886.62
2026-03-11 11:38:42,398.27,397.95,398.73,86.58,93.84,56.68,49.79,21.51,0.91,50.0,1329887.0
2026-03-11 11:39:20,397.96,397.55,398.28,86.33,93.2,56.88,49.64,21.4,0.91,50.0,1329887.5
2026-03-11 11:39:44,398.0,397.95,398.62,96.59,92.88,55.59,50.64,22.64,0.91,50.03,1329887.75
2026-03-11 11:40:23,398.19,397.85,398.7,85.65,92.89,55.61,49.1,21.59,0.91,50.0,1329888.38
2026-03-11 11:40:47,397.83,397.48,398.25,85.93,93.41,55.73,49.3,21.41,0.91,50.02,1329888.62
2026-03-11 11:41:26,397.68,397.43,398.2,86.39,93.26,56.5,49.56,21.38,0.91,50.02,1329889.12
2026-03-11 11:41:37,397.66,397.43,398.21,86.59,93.02,56.63,49.53,21.43,0.91,50.02,1329889.38
2026-03-11 11:42:28,3226883588096.0,397.79,0.0,98.59,0.0,0.0,397.6,22.34,398.47,50.01,92.98
2026-03-11 11:42:39,398.38,398.14,398.84,86.53,93.39,59.48,50.42,21.5,0.92,50.02,1329890.12
2026-03-11 11:43:31,397.86,397.53,398.35,86.96,93.38,56.62,49.76,21.49,0.91,50.03,1329891.0
2026-03-11 11:43:42,398.33,398.03,398.83,86.4,93.22,55.68,49.36,21.6,0.91,50.04,1329891.12
2026-03-11 11:44:34,397.76,397.65,398.45,97.88,93.26,54.97,51.59,22.46,0.91,50.0,1329891.88
2026-03-11 11:44:45,397.71,397.48,398.5,97.91,93.42,55.22,51.72,22.46,0.91,50.01,1329892.0
2026-03-11 11:45:05,397.88,397.38,398.23,87.34,93.69,55.47,49.58,21.59,0.91,50.0,1329892.25
2026-03-11 11:45:26,397.9,397.68,398.22,87.58,86.19,55.59,48.28,20.51,0.92,50.01,1329892.5
2026-03-11 11:45:37,397.85,397.67,398.24,87.16,85.84,55.53,48.07,397.78,0.92,398.07,1329892.75
2026-03-11 11:45:42,398.0,397.78,398.28,87.26,85.84,55.53,48.1,20.56,0.92,50.02,1329892.75
2026-03-11 11:45:48,397.91,397.58,398.03,87.2,85.66,55.39,48.01,20.5,0.92,50.03,1329892.88
2026-03-11 11:45:56,397.9,397.59,398.19,87.26,85.58,55.49,48.05,20.51,0.92,50.03,1329893.0
2026-03-11 11:45:59,397.8,397.61,398.23,87.18,85.59,55.41,47.99,20.54,0.92,50.03,1329893.0
2026-03-11 11:46:40,398.15,397.93,398.4,86.24,85.62,55.5,47.81,20.53,0.92,50.03,1329893.5
2026-03-11 11:47:02,397.43,397.56,398.14,97.77,86.43,55.98,50.65,21.44,0.92,50.01,1329893.88
2026-03-11 11:47:43,398.11,397.83,398.41,86.21,86.11,55.34,47.9,20.57,0.92,50.04,1329894.38
2026-03-11 11:48:05,398.33,398.01,398.6,85.06,85.95,55.42,47.62,20.59,0.91,50.05,1329894.62
2026-03-11 11:48:45,398.4,398.08,398.58,85.22,86.08,55.15,47.6,20.62,0.91,50.03,1329895.12
2026-03-11 11:49:07,397.96,397.96,398.47,96.68,86.27,55.39,50.19,21.36,0.92,50.04,1329895.5
2026-03-11 11:49:48,398.13,398.03,398.65,85.25,85.97,55.12,47.57,20.63,0.91,50.02,1329896.12
2026-03-11 11:50:10,398.03,397.49,398.1,85.24,86.27,54.98,47.61,20.46,0.92,50.04,1329896.38
2026-03-11 11:50:51,397.6,397.25,397.73,84.64,85.95,58.1,48.1,20.48,0.92,49.98,1329897.0
2026-03-11 11:51:13,397.3,397.05,397.54,84.7,90.31,58.58,48.93,21.33,0.91,49.98,1329897.25
2026-03-11 11:51:54,397.78,397.85,398.52,98.44,86.27,54.97,50.41,21.67,0.92,50.02,1329897.75
2026-03-11 11:52:16,398.25,397.98,398.6,85.35,86.37,55.15,47.65,20.86,0.91,49.99,1329898.0
2026-03-11 11:52:56,398.48,398.08,398.84,85.29,86.17,55.06,47.56,20.76,0.91,50.04,1329898.62
2026-03-11 11:53:18,398.24,397.83,398.54,84.92,85.97,54.79,47.84,20.94,0.91,50.04,1329898.88
2026-03-11 11:53:59,398.21,398.14,398.8,95.95,86.04,55.09,49.81,21.65,0.91,50.0,1329899.38
2026-03-11 11:54:21,398.48,398.1,398.8,85.45,86.42,55.22,47.68,20.85,0.91,49.99,1329899.75
2026-03-11 11:55:02,399.11,398.83,399.32,86.46,86.52,58.94,48.94,20.91,0.92,50.01,1329900.25
2026-03-11 11:55:24,398.6,398.22,398.89,86.7,86.69,55.8,48.2,20.9,0.91,49.98,1329900.5
2026-03-11 11:56:05,398.62,398.41,399.21,93.22,86.43,56.23,49.74,21.21,0.92,49.96,1329901.0
2026-03-11 11:56:27,398.65,398.79,399.44,103.42,85.56,55.58,51.69,21.89,0.92,49.97,1329901.5
2026-03-11 11:57:07,399.35,399.11,399.73,91.63,87.56,55.71,49.7,21.0,0.92,49.99,1329902.0
2026-03-11 12:12:28,395.17,395.21,395.1,78.07,74.29,65.2,45.12,20.1,0.91,49.95,1329914.12
2026-03-11 12:25:57,395.84,395.72,395.79,77.36,74.29,63.21,44.58,20.02,0.91,50.05,1329924.62
2026-03-11 12:26:19,395.61,395.66,395.54,76.47,74.24,65.68,44.93,20.02,0.91,50.04,1329924.88
2026-03-11 12:27:00,395.1,395.04,394.97,77.05,74.16,63.61,44.51,19.95,0.91,50.02,1329925.38
2026-03-11 12:27:22,395.45,395.41,395.33,76.2,74.09,63.12,44.16,20.02,0.91,50.0,1329925.62
2026-03-11 12:28:02,395.54,395.53,395.44,75.7,73.28,62.23,43.58,20.05,0.9,50.05,1329926.12
2026-03-11 12:28:24,395.41,395.34,395.27,75.37,73.04,61.98,43.42,19.99,0.9,50.04,1329926.38
2026-03-11 12:29:05,394.99,395.34,395.19,88.71,73.31,62.01,46.45,20.91,0.91,50.02,1329926.88
2026-03-11 12:29:27,395.12,395.13,395.12,76.46,73.39,62.08,43.77,20.01,0.91,50.0,1329927.12
2026-03-11 12:30:08,395.05,395.01,394.96,76.96,74.79,62.16,44.32,19.92,0.91,50.01,1329927.62
2026-03-11 12:30:30,393.42,393.34,393.33,76.81,74.06,62.76,44.19,19.55,0.91,50.02,1329927.88
2026-03-11 12:30:44,394.24,394.18,394.14,76.85,74.13,62.72,44.25,19.73,0.91,50.02,1329928.25
2026-03-11 12:31:11,393.9,393.89,393.55,92.05,74.08,66.01,47.34,22.9,0.9,49.97,1329928.5
2026-03-11 12:31:46,393.82,393.89,393.79,76.94,72.18,62.35,43.56,19.81,0.91,49.96,1329929.0
2026-03-11 12:32:13,393.91,393.85,393.9,76.31,79.91,62.28,44.87,20.72,0.9,50.01,1329929.25
2026-03-11 12:32:19,393.81,393.67,393.83,76.51,80.39,62.35,45.1,20.65,0.9,50.03,1329929.38
2026-03-11 12:32:32,394.08,393.94,394.08,393.94,81.26,76.95,47.27,70.68,0.91,47.27,21.25
2026-03-11 12:33:35,19.83,394.43,50.04,85.54,3238433652736.0,68.85,0.0,23.01,-0.0,50.04,393.92
2026-03-11 12:33:44,393.9,394.61,394.21,96.79,68.64,68.86,48.71,20.69,0.91,50.04,1329930.5
2026-03-11 12:34:38,394.15,394.6,394.23,86.38,69.49,68.78,46.64,20.01,0.91,50.0,1329931.12
2026-03-11 12:34:46,394.2,394.66,394.33,86.22,69.67,69.09,46.73,20.03,0.91,50.0,1329931.25
2026-03-11 12:35:40,393.8,394.24,393.94,86.89,69.6,72.45,47.66,20.0,0.91,49.99,1329931.88
2026-03-11 12:35:49,393.73,394.16,393.84,87.18,69.57,72.63,47.41,19.93,0.91,49.99,1329932.0
2026-03-11 12:36:43,393.3,393.84,393.38,85.41,61.29,68.68,44.77,18.83,0.92,49.96,1329932.75
2026-03-11 12:36:52,393.37,393.91,393.39,85.19,61.23,71.86,45.48,18.84,0.92,49.96,1329932.88
2026-03-11 12:37:46,394.55,395.1,394.64,83.78,61.2,68.23,44.36,18.97,0.91,50.03,1329933.62
2026-03-11 12:37:55,394.23,395.11,394.49,94.29,61.38,68.13,46.51,20.07,0.91,50.03,1329933.75
2026-03-11 12:38:49,393.68,394.84,394.1,101.66,61.21,70.25,48.3,21.15,0.91,49.98,1329934.38
2026-03-11 12:38:58,393.87,394.67,393.96,88.18,61.31,68.05,44.94,20.05,0.91,49.97,1329934.5
2026-03-11 12:39:51,393.92,394.34,394.0,87.35,72.29,67.75,46.91,21.06,0.91,49.97,1329935.25
2026-03-11 12:40:00,393.53,393.97,393.64,87.42,72.16,67.8,46.93,21.07,0.91,49.95,1329935.38
2026-03-11 12:40:54,394.15,394.97,394.55,99.0,72.43,68.11,49.58,22.08,0.91,49.96,1329936.0
2026-03-11 12:41:03,394.22,394.99,394.49,98.32,72.38,71.46,50.24,22.02,0.91,49.96,1329936.12
2026-03-11 12:41:57,395.07,395.22,394.9,76.58,72.77,68.56,45.13,20.2,0.91,50.03,1329936.88
2026-03-11 12:42:06,394.91,394.98,394.7,76.47,72.75,68.59,45.1,20.19,0.91,50.02,1329937.0
2026-03-11 12:43:00,394.9,395.13,394.82,82.12,72.79,71.95,47.28,20.21,0.91,50.02,1329937.62
2026-03-11 12:43:09,394.86,395.06,394.82,81.92,72.77,68.64,46.41,20.09,0.91,50.03,1329937.75
2026-03-11 12:43:23,394.38,394.81,394.62,92.86,73.85,68.65,48.93,21.13,0.91,50.01,1329938.0
2026-03-11 12:44:02,394.43,394.43,394.37,81.78,75.71,68.84,47.16,20.15,0.91,50.04,1329938.5
2026-03-11 12:44:20,394.36,394.43,394.17,81.35,75.72,73.16,48.08,20.15,0.92,50.02,1329938.75
2026-03-11 12:44:25,394.26,394.26,394.14,81.3,75.74,68.94,47.07,20.11,0.91,50.02,1329938.88
2026-03-11 12:44:29,394.34,394.4,394.27,81.41,75.81,68.98,47.12,20.14,0.91,50.01,1329938.88
2026-03-11 12:44:33,394.41,394.43,394.29,81.61,75.81,68.97,47.15,20.16,0.91,50.0,1329939.0
2026-03-11 12:44:41,394.45,394.48,394.31,81.37,75.71,70.97,47.47,20.4,0.91,50.0,1329939.12
2026-03-11 12:44:52,394.27,394.35,394.17,80.33,73.99,72.01,47.06,20.2,0.91,50.0,1329939.25
2026-03-11 12:44:57,394.31,394.27,394.12,76.01,73.96,68.37,45.13,20.17,0.91,49.99,1329939.25
2026-03-11 12:45:05,394.05,393.95,393.87,76.22,73.91,68.33,45.15,20.18,0.91,49.98,1329939.38
2026-03-11 12:46:00,393.48,393.84,393.87,98.32,82.69,68.93,51.62,23.01,0.91,49.97,1329940.12
2026-03-11 12:46:08,393.47,393.89,394.0,101.95,82.55,69.08,52.46,23.14,0.91,49.99,1329940.25
2026-03-11 12:46:19,393.97,394.09,394.11,89.35,82.14,71.35,50.16,22.45,0.91,50.02,1329940.38
2026-03-11 12:47:11,394.06,394.1,394.46,86.63,82.05,55.02,46.11,20.85,0.91,50.01,1329941.0
2026-03-11 12:47:27,393.58,393.65,394.02,86.18,81.73,55.11,45.93,20.86,0.91,49.97,1329941.25
2026-03-11 12:48:14,394.02,393.72,393.96,393.66,75.06,55.25,55.25,19.87,19.87,49.96,49.96
2026-03-11 12:48:29,393.75,393.75,394.18,85.59,81.92,55.33,45.97,20.69,0.91,49.98,1329942.0
2026-03-11 12:49:18,0.0,394.01,394.36,75.06,81.66,55.2,43.63,19.86,0.9,50.01,1329942.62
2026-03-11 12:49:32,394.63,394.38,394.83,74.86,81.48,50.52,42.45,19.87,0.9,50.07,1329942.75
2026-03-11 12:50:20,394.12,394.11,394.23,74.58,73.36,53.62,41.09,18.84,0.9,50.04,1329943.25
2026-03-11 12:50:35,393.81,393.69,393.92,73.07,73.34,50.21,40.37,18.64,0.9,50.03,1329943.5
2026-03-11 12:51:23,394.42,394.34,394.6,73.55,73.26,50.17,40.48,18.75,0.9,50.04,1329944.12
2026-03-11 12:51:38,394.31,394.28,394.54,73.54,73.34,50.3,40.53,18.75,0.9,50.03,1329944.25
2026-03-11 12:52:26,394.0,394.32,394.53,84.51,73.37,50.51,42.85,19.8,0.9,50.03,1329944.88
2026-03-11 12:52:40,393.76,394.14,394.3,84.29,73.48,52.32,43.14,20.01,0.9,50.01,1329945.0
2026-03-11 12:53:29,393.19,393.84,394.02,94.92,73.48,50.48,45.02,20.56,0.91,49.96,1329945.62
2026-03-11 12:53:43,393.04,393.72,393.93,98.26,73.45,50.41,45.85,20.71,0.91,49.97,1329945.75
2026-03-11 12:54:31,393.38,393.3,393.6,72.95,73.44,50.33,40.34,18.66,0.9,49.97,1329946.25
2026-03-11 12:54:46,393.36,393.37,393.55,73.81,73.43,53.66,41.33,18.73,0.91,49.97,1329946.5
2026-03-11 12:55:35,0.0,0.0,-0.0,76.83,0.0,50.72,42.05,18.52,0.91,49.97,1329947.0
2026-03-11 12:55:49,393.19,393.24,393.54,76.8,75.2,50.65,41.89,18.48,0.91,49.97,1329947.12
2026-03-11 12:56:38,392.88,392.96,393.36,79.51,75.61,50.9,42.74,18.31,0.91,49.98,1329947.75
2026-03-11 12:56:51,393.04,393.09,393.48,78.42,75.49,50.62,42.37,18.3,0.91,49.98,1329947.88
2026-03-11 12:57:41,392.94,392.69,393.19,70.0,76.8,52.42,41.16,18.22,0.91,50.05,1329948.5
2026-03-11 12:57:54,392.49,392.72,392.85,80.91,76.78,57.57,44.49,19.16,0.91,50.04,1329948.62
2026-03-11 12:58:44,397.4,397.85,398.0,94.47,79.53,56.28,48.51,20.82,0.92,50.01,1329949.25
2026-03-11 12:58:59,397.68,397.7,398.04,81.98,79.39,52.92,44.73,19.91,0.91,50.0,1329949.5
2026-03-11 12:59:46,397.32,397.14,397.54,81.65,85.34,54.46,45.94,21.29,0.9,50.03,1329950.12
2026-03-11 13:00:02,397.24,397.04,397.45,82.11,88.12,55.62,47.04,21.32,0.91,50.01,1329950.38
2026-03-11 13:00:49,397.54,396.9,397.45,71.6,87.45,54.33,44.38,20.18,0.91,50.0,1329950.88
2026-03-11 13:01:05,397.07,396.75,397.49,81.82,87.23,54.64,46.58,20.99,0.91,49.99,1329951.12
2026-03-11 13:01:52,397.26,396.49,396.99,71.41,85.45,58.2,44.75,20.13,0.91,50.0,1329951.75
2026-03-11 13:02:08,396.88,396.37,396.74,70.68,85.43,61.25,45.37,19.99,0.91,50.01,1329951.88
2026-03-11 13:02:55,396.38,395.88,396.19,71.33,86.34,63.26,46.07,20.24,0.91,49.98,1329952.5
2026-03-11 13:03:11,396.43,395.88,396.35,70.55,85.89,63.59,45.85,20.17,0.91,49.98,1329952.62
2026-03-11 13:03:57,396.44,395.81,396.38,70.54,86.25,63.12,45.92,20.19,0.91,50.03,1329953.25
2026-03-11 13:04:13,396.36,395.84,396.29,70.82,86.22,63.87,46.11,20.21,0.91,50.0,1329953.5
2026-03-11 13:05:00,395.99,395.67,395.96,70.73,77.95,63.39,44.34,19.11,0.92,50.0,1329954.0
2026-03-11 13:05:16,395.64,395.31,395.61,70.38,77.79,63.5,44.23,19.07,0.92,49.98,1329954.25
2026-03-11 13:06:03,394.42,394.32,394.66,81.54,81.75,66.83,48.03,20.41,0.92,49.96,1329955.0
2026-03-11 13:06:19,394.51,394.39,394.92,84.8,81.57,64.03,48.02,20.61,0.92,49.98,1329955.12
2026-03-11 13:07:06,395.01,394.51,395.03,71.27,81.99,63.66,45.12,19.71,0.91,49.98,395.02
2026-03-11 13:07:23,394.79,394.48,395.01,71.05,81.53,63.93,45.08,19.71,0.91,49.97,1329955.88
2026-03-11 13:08:08,394.56,394.15,394.47,71.04,83.3,64.43,45.64,19.56,0.92,49.99,1329956.5
2026-03-11 13:08:26,394.6,394.48,394.35,82.56,83.68,78.12,51.07,21.59,0.92,49.96,1329956.75
2026-03-11 13:09:11,395.61,395.0,395.06,70.1,85.11,75.81,48.22,20.87,0.91,49.97,1329957.38
2026-03-11 13:09:29,395.42,394.79,394.96,70.35,82.05,75.58,47.45,20.75,0.91,50.0,1329957.5
2026-03-11 13:10:15,47.88,394.96,0.91,70.57,50.03,3246451326976.0,47.85,0.0,0.0,-0.0,1329958.12
2026-03-11 13:10:32,395.87,395.33,395.45,70.57,81.83,75.46,47.45,20.83,0.91,50.03,1329958.38
2026-03-11 13:11:17,395.64,395.36,395.67,69.81,82.02,64.7,45.22,19.59,0.91,50.05,1329959.0
2026-03-11 13:11:35,395.51,395.04,395.32,69.68,81.87,64.56,45.09,19.5,0.91,50.05,1329959.12
2026-03-11 13:12:20,395.26,394.95,395.2,69.56,82.13,64.63,45.12,19.69,0.91,50.03,1329959.75
2026-03-11 13:12:37,394.95,394.55,394.88,69.64,84.32,64.57,45.24,19.43,0.92,50.03,1329960.12
2026-03-11 13:13:23,395.37,395.26,395.59,81.47,82.15,64.84,47.69,20.53,0.91,49.98,1329960.62
2026-03-11 13:13:40,395.42,395.45,395.83,83.09,81.71,64.83,47.97,20.56,0.91,50.0,1329960.88
2026-03-11 13:14:26,395.4,394.92,395.39,69.87,89.89,395.28,47.44,394.92,69.83,49.97,68.06
2026-03-11 13:14:43,396.35,395.44,395.93,70.29,90.1,64.86,46.79,20.83,0.91,49.96,1329961.62
2026-03-11 13:15:28,396.75,396.31,396.79,70.51,89.38,65.05,46.77,20.93,0.91,50.0,1329962.25
2026-03-11 13:15:46,396.83,396.62,397.19,81.91,89.34,65.58,49.4,21.71,0.91,50.05,1329962.38
2026-03-11 13:16:31,395.8,395.13,395.86,70.76,89.19,65.61,47.27,20.62,0.91,50.05,1329963.0
2026-03-11 13:16:48,395.39,395.39,395.9,81.61,89.61,68.01,50.54,21.87,0.91,50.05,1329963.25
2026-03-11 13:17:34,0.91,396.27,1329963.88,3248109649920.0,89.23,-0.0,0.0,-0.0,0.91,396.32,396.26
2026-03-11 13:17:51,396.32,396.31,396.79,85.78,90.21,67.59,51.05,22.23,0.91,50.06,1329964.12
2026-03-11 13:18:37,395.99,395.9,396.48,84.33,89.55,67.04,50.15,22.16,0.91,50.05,1329964.75
2026-03-11 13:18:54,396.05,396.0,396.54,84.77,89.15,67.74,50.4,22.01,0.91,50.05,1329965.0
2026-03-11 13:19:39,395.83,395.92,396.24,84.68,81.43,67.33,48.82,21.01,0.91,50.04,1329965.75
2026-03-11 13:19:57,395.38,395.61,395.63,83.53,81.37,67.29,48.48,20.89,0.91,50.04,1329966.0
2026-03-11 13:20:42,395.56,396.11,396.22,96.31,81.59,67.88,51.43,21.75,0.92,50.05,1329966.62
2026-03-11 13:21:00,395.84,396.4,396.51,98.47,81.68,67.85,52.04,21.88,0.92,50.05,1329966.88
2026-03-11 13:21:45,395.75,395.41,396.06,85.86,94.0,71.59,52.69,22.15,0.92,50.01,1329967.5
2026-03-11 13:22:02,395.38,395.32,395.99,85.55,93.44,68.37,51.76,22.06,0.92,50.04,1329967.75
2026-03-11 13:22:48,395.3,395.27,395.65,87.3,94.28,69.17,52.53,22.13,0.92,50.03,1329968.38
2026-03-11 13:23:10,395.4,395.58,396.13,98.49,94.06,68.77,54.84,23.1,0.92,50.02,1329968.62
2026-03-11 13:23:52,-0.0,395.23,0.0,0.0,395.58,396.07,95.39,22.36,70.62,22.37,0.92
2026-03-11 13:24:13,395.59,395.46,396.2,88.3,95.05,69.85,53.86,22.37,0.92,49.98,1329969.62
2026-03-11 13:24:55,394.85,394.78,395.29,87.19,93.89,67.96,52.08,22.09,0.92,49.97,1329970.25
2026-03-11 13:25:16,394.58,394.23,394.95,87.61,94.72,67.9,52.33,21.98,0.92,49.96,1329970.5
2026-03-11 13:25:58,394.23,394.45,394.95,101.71,90.89,68.52,53.97,22.16,0.92,49.96,1329971.25
2026-03-11 13:26:18,394.66,394.62,395.27,88.64,94.26,68.47,52.61,22.0,0.92,49.99,1329971.5
2026-03-11 13:27:01,395.26,395.29,395.83,89.31,95.88,70.22,53.71,22.08,0.92,50.04,1329972.12
2026-03-11 13:27:21,394.94,394.9,395.63,88.46,95.24,69.03,53.04,22.05,0.92,50.04,1329972.38
2026-03-11 13:28:04,394.56,394.06,394.85,87.58,102.95,76.61,56.02,22.96,0.92,49.99,1329973.0
2026-03-11 13:28:24,394.54,394.29,394.96,98.83,104.25,68.08,56.83,23.63,0.92,50.0,1329973.38
2026-03-11 13:29:06,395.23,394.71,395.77,88.03,105.32,68.15,54.82,22.96,0.92,50.01,1329974.0
2026-03-11 13:29:27,395.15,394.59,395.53,86.69,102.83,68.17,53.87,22.77,0.92,50.02,1329974.25
2026-03-11 13:30:09,394.83,394.64,395.38,87.7,103.0,67.93,53.88,22.99,0.92,49.98,1329974.88
2026-03-11 13:30:30,395.02,394.91,395.68,85.23,102.42,67.58,53.22,22.98,0.91,49.97,1329975.25
2026-03-11 13:31:12,395.07,394.56,395.69,83.33,100.18,67.43,52.22,22.75,0.91,50.0,1329975.88
2026-03-11 13:31:33,394.93,394.9,395.53,83.42,101.2,67.38,52.49,22.87,0.91,50.01,1329976.25
2026-03-11 13:32:15,395.17,394.68,395.18,72.23,98.65,73.87,51.09,21.63,0.92,49.99,1329976.88
2026-03-11 13:32:35,395.0,394.36,395.27,72.26,98.86,67.23,49.57,21.57,0.91,49.98,1329977.12
2026-03-11 13:33:18,395.51,0.0,0.0,-0.0,91.75,395.07,394.47,394.69,72.73,91.82,1329977.75
2026-03-11 13:33:42,395.1,394.64,395.34,73.41,92.5,71.36,49.76,20.66,0.92,50.03,1329978.0
2026-03-11 13:34:20,395.06,394.92,395.16,73.06,92.87,71.0,49.63,20.72,0.92,49.98,1329978.62
2026-03-11 13:34:45,395.23,394.86,395.36,72.28,92.09,70.18,49.0,20.67,0.92,49.98,1329978.88
2026-03-11 13:35:23,395.03,394.67,395.01,82.88,91.06,66.99,50.26,21.51,0.91,50.0,1329979.38
2026-03-11 13:35:48,395.28,395.0,395.52,71.95,91.01,69.38,48.49,20.74,0.91,49.96,1329979.75
2026-03-11 13:36:26,395.13,394.95,395.56,82.8,91.37,67.46,50.38,21.76,0.91,49.96,1329980.25
2026-03-11 13:36:50,395.38,395.0,395.69,83.79,92.26,67.74,50.91,21.85,0.91,49.96,1329980.62
2026-03-11 13:37:29,395.21,395.66,395.8,94.77,92.1,70.95,54.02,22.67,0.92,49.98,1329981.12
2026-03-11 13:37:53,395.42,395.58,395.92,89.19,92.1,67.94,52.22,21.97,0.92,50.01,1329981.62
2026-03-11 13:38:31,396.23,395.93,396.52,84.58,92.05,68.22,51.22,22.06,0.91,50.01,1329982.12
2026-03-11 13:39:01,395.9,395.82,396.44,88.4,92.84,67.0,52.0,22.05,0.92,50.01,1329982.62
2026-03-11 13:39:34,396.06,92.81,396.06,51.63,92.79,0.92,51.63,1329983.0,0.92,-0.0,0.0
2026-03-11 13:40:04,394.07,394.67,394.89,102.54,92.34,67.72,55.03,22.68,0.92,49.96,1329983.5
2026-03-11 13:40:37,395.48,395.21,395.98,85.58,92.76,67.54,51.45,21.8,0.92,50.03,1329983.88
2026-03-11 13:41:07,395.99,395.65,396.4,86.22,93.06,70.41,52.42,21.99,0.92,50.05,1329984.38
2026-03-11 13:41:40,395.28,395.09,395.7,87.17,93.31,72.48,53.17,21.86,0.92,50.01,1329984.88
2026-03-11 13:42:09,395.59,395.63,396.06,99.0,94.29,72.92,56.05,22.87,0.92,49.97,1329985.25
2026-03-11 13:42:42,396.43,396.16,396.25,88.43,96.25,69.47,53.49,22.14,0.92,49.98,1329985.75
2026-03-11 13:43:12,396.09,395.84,396.41,88.07,94.3,69.32,52.84,22.11,0.92,49.96,1329986.12
2026-03-11 13:43:45,396.38,395.92,396.33,76.65,94.01,69.62,50.41,21.17,0.92,49.96,1329986.75
2026-03-11 13:44:15,395.6,395.86,396.27,95.93,93.55,69.5,53.65,22.01,0.92,49.97,1329987.12
2026-03-11 13:44:48,396.45,396.46,396.86,83.72,93.53,68.77,51.85,21.2,0.92,49.99,1329987.62
2026-03-11 13:45:18,396.19,395.94,396.83,83.5,93.55,68.27,51.66,21.23,0.92,49.96,1329988.0
2026-03-11 13:45:51,396.2,396.15,396.84,83.66,93.47,68.6,51.76,21.23,0.92,49.96,1329988.5
2026-03-11 13:46:21,396.04,395.88,396.51,83.36,93.32,67.72,51.49,21.27,0.92,49.99,1329988.88
2026-03-11 13:46:54,396.99,397.0,397.24,94.88,93.08,67.78,53.95,21.96,0.92,50.04,1329989.38
2026-03-11 13:47:24,396.51,396.29,397.03,84.49,94.19,71.96,53.03,21.12,0.92,50.02,1329989.88
2026-03-11 13:47:57,395.86,395.68,396.36,96.37,94.53,67.69,54.56,22.0,0.92,49.99,1329990.38
2026-03-11 13:48:26,395.63,395.95,396.72,96.78,94.94,64.58,54.02,22.06,0.92,50.01,1329990.75
2026-03-11 13:48:59,395.43,395.59,396.31,94.91,93.61,66.36,53.64,21.95,0.92,49.98,1329991.25
2026-03-11 13:49:29,395.1,395.53,396.25,100.94,94.07,68.62,55.36,23.31,0.92,49.98,1329991.62
2026-03-11 13:50:02,395.69,395.26,396.03,87.33,93.8,65.68,51.75,21.89,0.92,49.97,1329992.25
2026-03-11 13:50:32,395.42,395.4,396.2,86.98,93.52,66.07,51.65,21.89,0.92,49.98,1329992.75
2026-03-11 13:51:05,395.68,395.6,396.21,87.03,93.53,65.69,51.63,21.75,0.92,50.02,1329993.12
2026-03-11 13:51:35,395.34,395.68,396.12,98.87,93.8,65.78,54.26,22.6,0.92,50.02,1329993.62
2026-03-11 13:52:08,395.69,395.44,396.4,88.33,94.51,64.52,51.95,21.66,0.92,50.03,1329994.0
2026-03-11 13:52:37,395.5,395.39,396.14,88.9,95.0,64.8,52.26,21.72,0.92,50.04,1329994.5
2026-03-11 13:53:11,395.89,395.67,396.58,88.36,94.77,64.92,52.16,21.73,0.92,50.04,1329995.0
2026-03-11 13:53:40,395.72,395.53,396.21,90.74,94.5,64.7,52.59,21.82,0.92,50.04,1329995.38
2026-03-11 13:54:13,395.89,395.88,396.99,101.53,94.84,64.74,55.07,22.7,0.92,50.0,1329995.88
2026-03-11 13:54:43,396.92,396.73,397.63,89.77,94.34,64.21,52.3,21.84,0.92,50.05,1329996.25
2026-03-11 13:55:16,396.92,396.86,397.53,89.51,94.09,67.25,52.9,21.81,0.92,50.05,1329996.75
2026-03-11 13:55:46,396.7,396.66,397.49,90.0,96.69,64.2,52.95,21.86,0.92,50.04,1329997.12
2026-03-11 13:56:19,397.0,396.67,397.85,92.1,97.47,55.9,51.59,21.92,0.92,50.03,1329997.75
2026-03-11 13:56:48,396.32,396.52,397.58,105.86,95.8,56.42,54.21,22.97,0.92,50.01,1329998.25
2026-03-11 13:57:22,397.16,397.16,398.17,93.14,95.76,56.46,51.53,22.1,0.92,50.03,1329998.62
2026-03-11 13:57:51,397.06,396.78,397.64,93.01,95.38,56.45,51.33,21.98,0.92,50.0,1329999.12
2026-03-11 13:58:24,396.67,396.47,397.3,90.14,95.05,56.98,50.6,22.21,0.91,49.97,1329999.5
2026-03-11 13:58:54,396.23,396.08,396.96,104.96,95.21,56.06,52.75,22.91,0.91,49.97,1330000.0
2026-03-11 13:59:27,396.42,396.25,397.11,90.03,95.12,55.78,50.4,21.89,0.91,50.02,1330000.38
2026-03-11 13:59:57,396.76,396.64,397.34,90.03,95.59,55.8,50.53,21.92,0.91,50.0,1330000.88
2026-03-11 14:00:30,396.14,395.72,396.32,88.16,94.61,68.76,52.48,23.08,0.91,49.95,1330001.25
2026-03-11 14:01:00,396.28,395.92,396.67,87.14,94.05,68.84,52.13,23.08,0.91,49.96,1330001.75
2026-03-11 14:01:33,395.99,396.15,396.75,96.85,93.01,68.03,53.82,23.74,0.91,49.99,1330002.25
2026-03-11 14:02:03,396.44,396.4,397.05,87.21,90.83,67.65,51.43,22.47,0.91,49.98,1330002.75
2026-03-11 14:02:36,395.9,395.97,396.55,86.91,90.88,67.03,51.22,22.28,0.91,50.01,1330003.25
2026-03-11 14:03:05,395.73,395.35,396.59,101.3,104.92,54.95,54.72,23.24,0.92,50.01,1330003.62
2026-03-11 14:03:38,395.53,395.55,396.67,108.06,103.72,54.79,55.82,24.06,0.92,50.0,1330004.12
2026-03-11 14:04:08,396.35,396.34,397.4,98.02,103.37,54.82,53.66,23.29,0.91,50.03,1330004.62
2026-03-11 14:04:41,396.35,396.19,397.49,97.45,103.47,54.57,53.51,23.19,0.92,50.03,1330005.12
2026-03-11 14:05:11,396.14,395.85,397.07,97.49,103.52,54.76,53.53,23.25,0.91,50.0,1330005.5
2026-03-11 14:05:44,396.21,395.92,397.22,98.73,104.01,55.22,54.09,23.08,0.92,50.03,1330006.0
2026-03-11 14:06:14,395.75,395.22,396.58,109.3,104.15,55.13,56.32,23.85,0.92,50.03,1330006.38
2026-03-11 14:06:47,395.82,395.85,396.89,99.59,104.76,58.97,55.33,23.32,0.92,49.96,1330006.88
2026-03-11 14:07:16,395.38,395.32,396.3,101.07,106.74,66.63,57.58,24.26,0.92,49.96,1330007.38
2026-03-11 14:07:49,396.07,395.98,396.28,88.44,93.23,69.47,52.72,22.35,0.92,50.0,1330007.88
2026-03-11 14:08:19,395.91,395.73,396.41,88.43,92.64,69.16,52.6,22.31,0.92,50.01,1330008.38
2026-03-11 14:08:52,395.34,395.55,395.88,102.03,91.84,68.78,55.0,22.92,0.92,50.02,1330008.88
2026-03-11 14:09:22,396.09,395.83,396.35,88.47,92.2,68.05,52.24,22.11,0.92,50.03,1330009.38
2026-03-11 14:09:55,0.92,395.61,1330009.75,86.7,-0.0,0.0,0.0,22.03,-0.0,395.83,395.59
2026-03-11 14:10:28,396.22,396.02,396.41,87.73,91.24,75.79,53.73,22.07,0.92,50.03,1330010.25
2026-03-11 14:11:00,0.0,395.85,98.67,98.67,71.03,71.03,23.0,0.92,0.92,1330010.75,1330010.75
2026-03-11 14:11:31,394.91,394.74,395.44,86.41,90.23,67.37,50.98,22.02,0.92,49.96,1330011.25
2026-03-11 14:12:02,395.63,395.51,395.99,86.11,90.14,67.13,50.89,22.0,0.92,49.96,1330011.62
2026-03-11 14:12:34,395.88,395.84,396.25,86.49,90.11,67.2,50.99,22.09,0.91,49.96,1330012.12
2026-03-11 14:13:05,395.8,395.22,395.89,88.53,92.26,75.46,53.05,22.26,395.78,395.59,1330012.5
2026-03-11 14:13:36,395.54,395.44,395.92,101.69,91.44,74.28,56.42,23.05,0.92,50.0,1330013.0
2026-03-11 14:14:08,395.85,395.85,396.47,89.55,91.54,68.19,52.34,22.19,0.92,50.0,1330013.5
2026-03-11 14:14:39,396.41,396.36,396.82,90.98,92.88,69.1,53.21,22.26,0.92,50.03,1330014.0
2026-03-11 14:15:10,395.89,395.68,396.18,90.2,92.8,75.79,54.68,22.14,0.92,49.99,1330014.5
2026-03-11 14:15:42,395.88,395.58,395.98,89.95,91.95,68.25,52.52,25.36,0.91,49.97,1330014.88
2026-03-11 14:16:14,395.95,395.8,395.8,88.76,91.24,67.99,52.09,52.09,0.92,49.97,1330015.38
2026-03-11 14:16:47,395.44,395.95,396.35,89.69,90.99,70.2,52.68,22.29,0.92,49.97,1330015.88
2026-03-11 14:17:18,395.91,395.68,395.97,89.81,89.81,75.55,53.99,22.3,0.92,49.97,49.97
2026-03-11 14:17:49,396.09,395.84,396.19,89.92,91.58,74.57,54.01,22.2,0.92,50.02,1330016.75
2026-03-11 14:18:21,395.03,395.04,395.6,102.69,92.0,72.41,56.28,22.8,0.92,49.99,1330017.25
2026-03-11 14:18:52,395.44,395.41,395.49,89.12,92.29,68.14,52.42,21.87,0.92,50.0,1330017.62
2026-03-11 14:19:24,395.55,395.45,395.96,89.95,92.66,68.35,52.76,22.0,0.92,50.02,1330018.12
2026-03-11 14:19:55,395.46,395.28,395.69,89.33,92.14,68.05,52.39,21.95,0.92,49.99,1330018.75
2026-03-11 14:20:27,395.42,395.19,395.84,99.79,94.35,68.28,55.25,22.83,0.92,49.99,1330019.12
2026-03-11 14:20:58,396.09,396.21,396.45,89.75,94.25,68.44,53.16,22.16,0.92,50.0,1330019.62
2026-03-11 14:21:29,395.96,395.87,396.24,89.46,92.76,68.37,52.73,22.15,0.92,50.0,1330020.12
2026-03-11 14:22:00,396.12,396.17,396.35,89.9,92.69,68.56,52.85,22.11,0.92,50.01,1330020.5
2026-03-11 14:22:32,396.39,396.24,396.77,89.95,94.15,68.25,53.17,22.16,0.92,50.0,1330021.0
2026-03-11 14:23:03,397.1,397.0,397.63,100.57,93.93,68.03,55.43,23.03,0.92,50.04,1330021.38
2026-03-11 14:23:35,397.19,396.63,397.25,88.35,91.01,67.49,51.92,22.04,0.92,50.04,1330021.88
2026-03-11 14:24:06,396.57,396.31,396.7,86.91,90.36,66.72,51.22,21.93,0.92,50.0,1330022.38
2026-03-11 14:24:38,396.32,396.19,396.93,86.32,90.52,67.06,51.16,21.99,0.92,49.99,1330022.75
2026-03-11 14:25:09,395.93,395.54,396.18,85.6,90.46,67.17,50.94,21.86,0.92,49.96,1330023.25
2026-03-11 14:25:40,395.62,395.4,396.0,99.35,90.72,67.42,54.06,22.78,0.92,50.0,1330023.62
2026-03-11 14:26:12,396.03,396.0,396.24,86.03,90.57,67.49,51.2,21.81,0.92,50.04,1330024.25
2026-03-11 14:26:45,0.0,0.0,0.0,88.49,396.22,67.64,88.28,22.04,67.5,50.03,22.04
2026-03-11 14:27:18,396.43,396.23,396.54,86.88,90.43,67.34,51.28,22.05,0.92,50.0,1330025.12
2026-03-11 14:27:48,0.0,396.71,396.71,87.2,87.2,67.55,67.61,24.59,24.59,0.91,1330025.62
2026-03-11 14:28:21,397.02,396.6,397.23,87.28,89.59,67.43,51.27,22.1,0.92,50.01,1330026.0
2026-03-11 14:28:51,397.35,397.36,397.19,397.19,87.25,70.7,70.72,22.21,52.32,0.92,1330026.5
2026-03-11 14:29:24,396.96,396.75,397.16,87.71,91.25,67.69,51.78,22.25,0.92,49.98,1330026.88
2026-03-11 14:29:54,0.0,396.64,396.79,397.2,91.62,91.62,52.14,52.14,0.92,0.92,49.96
2026-03-11 14:30:27,395.85,395.78,396.26,100.81,95.68,68.13,55.77,23.11,0.92,49.96,1330027.88
2026-03-11 14:30:57,-0.0,397.04,397.39,397.31,91.91,89.07,52.59,68.89,52.56,22.46,1330028.25
2026-03-11 14:31:30,397.58,397.36,397.81,88.94,92.61,69.26,52.82,22.44,0.92,49.99,1330028.75
2026-03-11 14:31:59,396.67,396.68,397.05,89.78,396.57,69.9,397.15,89.75,92.72,49.97,69.71
2026-03-11 14:32:33,396.8,396.68,397.37,88.76,91.91,69.5,52.61,22.35,0.92,49.97,1330029.75
2026-03-11 14:33:02,396.4,396.66,397.11,99.68,91.66,69.44,54.94,23.11,0.92,50.0,1330030.25
2026-03-11 14:33:35,396.92,396.52,397.13,88.83,93.62,69.59,53.12,22.27,0.92,50.03,1330030.62
2026-03-11 14:34:05,397.36,397.13,397.72,89.64,92.56,70.01,53.14,22.45,0.92,49.99,1330031.12
2026-03-11 14:34:38,396.96,397.01,397.42,90.07,92.57,70.24,53.31,22.42,0.92,49.97,1330031.62
2026-03-11 14:35:08,-0.0,396.85,397.32,89.74,397.23,89.74,53.53,94.07,53.53,49.96,0.92
2026-03-11 14:35:43,397.52,396.86,397.54,90.08,93.66,70.47,53.62,22.54,0.92,49.97,1330032.62
2026-03-11 14:36:12,0.0,397.41,89.79,89.79,70.69,70.69,22.55,22.55,0.92,1330033.0,1330033.0
2026-03-11 14:36:49,397.56,396.97,397.61,91.08,93.63,73.13,54.29,22.47,0.92,50.03,1330033.5
2026-03-11 14:37:15,397.62,1330033.88,397.88,3268114907136.0,0.0,0.0,54.29,0.0,0.92,396.72,1330033.88
2026-03-11 14:37:54,397.34,397.66,398.27,103.98,94.13,65.28,55.88,22.68,0.92,50.03,1330034.5
2026-03-11 14:38:18,-0.0,397.34,0.0,0.0,0.0,62.24,397.65,21.84,92.71,94.87,1330035.0
2026-03-11 14:38:57,397.5,397.0,397.92,90.34,100.86,59.95,52.77,22.72,0.92,50.0,1330035.5
2026-03-11 14:39:21,1330035.88,396.99,-0.0,97.72,0.0,0.0,-0.0,22.64,397.42,50.03,398.08
2026-03-11 14:40:00,397.23,397.14,397.89,97.19,98.39,59.16,53.6,22.56,0.92,50.04,1330036.5
2026-03-11 14:40:25,113.9,396.62,59.34,24.37,114.02,50.02,59.34,0.0,-0.0,50.02,0.0
2026-03-11 14:41:06,397.91,396.85,398.48,96.94,112.89,59.43,56.88,23.53,0.92,50.05,1330037.5
2026-03-11 14:41:28,397.31,50.04,3269218533376.0,98.32,0.0,0.0,57.35,0.0,397.68,397.17,98.26
2026-03-11 14:42:14,397.11,396.49,397.46,98.31,113.14,60.55,57.47,23.42,0.92,50.04,1330038.5
2026-03-11 14:42:32,0.0,-0.0,397.56,0.0,396.18,59.75,108.59,24.25,111.91,59.18,0.0
2026-03-11 14:43:27,397.03,396.19,397.52,96.66,111.46,62.45,57.15,23.39,0.92,50.03,1330039.62
2026-03-11 14:43:35,0.0,397.18,0.0,96.42,110.91,58.86,56.07,23.36,0.0,0.92,1330039.75
2026-03-11 14:44:38,395.16,99.51,396.33,60.17,112.81,0.0,57.4,50.0,1330040.88,50.0,-0.0
2026-03-11 14:44:42,0.0,395.43,396.68,99.76,112.97,60.25,57.57,23.68,0.92,50.0,1330041.0
2026-03-11 14:45:44,1330041.88,-0.0,396.66,0.0,0.0,-0.0,57.2,0.0,395.86,396.48,1330042.0
2026-03-11 14:46:01,396.02,395.49,396.81,100.15,112.59,59.63,57.36,23.68,0.92,49.99,1330042.25
2026-03-11 14:46:46,0.0,395.17,-0.0,100.89,395.93,395.51,396.71,23.69,114.15,49.99,58.26
2026-03-11 14:47:17,395.53,395.23,396.01,120.46,114.42,69.99,62.23,25.86,0.92,49.97,1330043.38
2026-03-11 14:47:49,-0.0,395.16,0.0,100.32,0.0,73.93,394.96,24.86,100.42,49.96,117.2
2026-03-11 14:48:30,395.66,394.92,396.03,98.66,114.55,72.56,60.13,24.72,0.92,49.96,1330044.62
2026-03-11 14:48:54,0.0,396.12,396.12,111.84,111.84,59.13,24.71,24.71,0.92,49.96,3271286325248.0
2026-03-11 14:49:42,396.07,395.51,396.81,109.27,112.15,71.43,61.7,25.6,0.92,50.03,1330045.88
2026-03-11 14:49:57,396.92,112.65,396.92,61.96,112.59,0.92,61.96,1330046.12,0.92,-0.0,1330046.25
2026-03-11 14:50:53,396.61,396.28,397.31,100.35,99.65,63.81,55.64,22.82,0.92,50.0,1330047.0
2026-03-11 14:50:59,0.92,396.08,1330047.12,3271859372032.0,-0.0,0.0,54.85,0.0,0.0,396.26,1330047.12
2026-03-11 14:52:04,395.67,-0.0,0.0,0.0,-0.0,0.0,57.92,396.38,0.0,111.06,99.66
2026-03-11 14:52:09,395.89,396.14,397.28,110.1,99.53,61.25,57.06,23.56,0.92,50.02,1330048.12
2026-03-11 14:53:07,395.94,396.97,396.97,100.42,61.16,61.16,55.33,22.82,0.0,3272422195200.0,1330049.0
2026-03-11 14:53:25,396.29,396.11,397.22,101.82,100.65,61.36,55.59,22.88,0.92,49.99,1330049.38
2026-03-11 14:54:10,0.0,62.1,56.0,102.38,22.92,0.92,50.0,1330050.0,-0.0,0.0,0.0
2026-03-11 14:54:43,396.34,396.34,397.46,110.25,100.29,60.98,57.15,23.96,0.92,50.04,1330050.5
2026-03-11 14:55:14,3272974008320.0,396.36,0.0,0.0,100.47,0.0,54.38,396.6,397.1,93.28,100.49
2026-03-11 14:56:03,396.66,396.34,396.89,91.6,100.3,61.02,53.05,22.66,0.92,49.98,1330051.88
2026-03-11 14:56:19,0.0,396.25,397.14,90.63,61.68,52.77,22.67,0.0,49.99,1330052.0,1330052.0
2026-03-11 14:58:04,396.74,396.27,397.16,89.2,97.85,61.94,52.12,22.52,0.91,50.02,1330053.5
2026-03-11 14:58:08,396.81,50.02,3273713516544.0,89.02,0.0,61.89,-0.0,22.59,396.86,50.03,396.28
2026-03-11 14:59:07,396.15,396.03,397.04,99.46,97.94,61.9,54.26,23.43,0.91,49.99,1330054.5
2026-03-11 14:59:11,396.61,396.51,397.51,99.22,98.08,62.25,55.24,23.59,0.92,49.99,1330054.5
2026-03-11 15:00:10,396.86,396.52,397.52,89.61,99.27,59.94,52.16,22.75,0.91,50.02,1330055.38
2026-03-11 15:00:14,397.11,396.8,397.6,89.6,99.44,63.35,53.07,22.61,0.92,50.02,1330055.38
2026-03-11 15:01:13,397.7,397.1,397.98,77.73,99.11,59.43,49.59,21.49,0.91,50.0,1330056.38
2026-03-11 15:01:17,397.58,396.87,397.79,77.86,99.21,59.52,49.64,21.48,0.91,50.0,1330056.38
2026-03-11 15:02:15,398.31,397.88,398.28,78.73,87.8,63.67,48.6,20.38,0.92,50.04,1330057.25
2026-03-11 15:02:19,398.43,397.86,398.71,78.84,87.56,60.26,47.73,20.49,0.92,50.03,1330057.25
2026-03-11 15:03:18,397.8,397.45,398.09,78.81,86.94,55.87,46.44,20.32,0.91,50.01,1330058.0
2026-03-11 15:03:22,397.75,397.4,397.94,78.67,87.03,59.27,47.3,20.28,0.92,50.01,1330058.0
2026-03-11 15:04:21,397.73,397.37,398.1,78.3,86.38,55.85,46.09,20.33,0.91,49.97,1330058.75
2026-03-11 15:04:25,397.11,397.18,397.78,86.99,86.4,55.99,48.0,21.29,0.91,49.97,1330058.88
2026-03-11 15:05:24,396.73,396.9,397.53,90.18,86.81,55.92,48.74,21.32,0.91,49.97,1330059.62
2026-03-11 15:05:28,396.95,397.06,397.51,90.25,86.91,59.34,49.63,21.38,0.92,49.98,1330059.75
2026-03-11 15:06:26,396.33,397.16,397.58,114.05,87.25,55.78,54.07,22.75,0.92,49.98,1330060.5
2026-03-11 15:06:30,396.3,397.21,397.5,114.02,87.21,55.75,54.03,22.76,0.92,49.98,1330060.62
2026-03-11 15:07:29,396.63,396.88,397.58,101.69,89.89,55.67,52.04,21.82,0.92,50.03,1330061.5
2026-03-11 15:07:33,396.61,396.77,397.62,102.0,90.27,59.48,53.11,21.98,0.92,50.03,1330061.62
2026-03-11 15:08:32,396.37,397.14,397.66,120.31,89.14,55.61,54.28,22.73,0.92,50.03,1330062.38
2026-03-11 15:08:36,396.35,396.95,397.74,114.31,89.15,55.53,54.58,22.78,0.92,50.01,1330062.5
2026-03-11 15:09:35,395.94,396.2,396.95,103.09,89.19,58.55,52.79,21.94,0.92,49.97,1330063.38
2026-03-11 15:09:39,396.09,396.14,397.02,102.96,89.05,55.86,52.11,21.92,0.92,49.97,1330063.38
2026-03-11 15:10:38,396.52,396.71,397.4,103.05,88.89,56.31,52.15,22.08,0.92,49.99,1330064.25
2026-03-11 15:10:42,1330064.25,396.58,-0.0,0.0,-0.0,56.17,396.18,22.03,396.44,102.87,1330064.25
2026-03-11 15:11:40,396.66,397.02,397.53,104.65,89.04,56.39,52.62,22.16,0.92,50.02,1330065.12
2026-03-11 15:11:44,396.51,396.85,397.39,104.73,89.04,56.33,52.61,22.11,0.92,50.0,1330065.12
2026-03-11 15:12:43,396.37,396.55,397.35,105.38,91.02,56.16,53.26,22.18,0.92,49.96,1330066.0
2026-03-11 15:12:47,396.19,396.54,397.11,105.31,91.2,56.16,53.25,22.13,0.92,49.95,1330066.12
2026-03-11 15:13:46,395.98,396.44,397.05,105.28,89.37,56.17,52.7,22.15,0.92,49.96,1330067.0
2026-03-11 15:13:50,396.05,396.5,397.19,105.52,89.28,56.23,52.93,22.38,0.92,49.97,1330067.12
2026-03-11 15:14:49,396.09,396.69,397.18,106.67,88.91,56.44,53.03,22.15,0.92,50.04,1330068.0
2026-03-11 15:14:53,395.9,396.43,396.97,106.77,88.96,56.55,53.06,22.11,0.92,50.04,1330068.0
2026-03-11 15:15:51,395.72,396.21,396.89,116.77,91.51,55.95,55.65,23.0,0.92,49.98,1330068.88
2026-03-11 15:15:55,395.6,396.33,396.81,118.06,90.53,55.88,55.65,23.0,0.92,49.98,1330069.0
2026-03-11 15:16:54,395.5,395.89,396.4,106.07,89.0,56.14,52.77,21.96,0.92,50.03,1330069.75
2026-03-11 15:16:58,395.43,395.76,396.47,106.17,89.04,56.16,52.84,21.94,0.92,50.03,1330069.88
2026-03-11 15:17:57,396.18,396.49,397.05,106.53,89.31,56.18,53.04,25.43,0.91,50.04,1330070.75
2026-03-11 15:18:01,395.99,396.75,397.35,117.51,89.36,56.25,55.52,23.02,0.92,50.03,1330070.75
2026-03-11 15:18:59,395.18,395.48,396.03,106.67,88.96,56.65,53.0,21.93,0.92,49.97,1330071.62
2026-03-11 15:19:04,395.1,395.57,396.13,106.61,88.91,56.67,52.97,22.04,0.92,49.96,1330071.62
2026-03-11 15:20:02,395.74,396.25,396.86,106.31,88.03,59.74,53.49,21.96,0.92,49.97,1330072.62
2026-03-11 15:20:07,395.54,396.22,396.55,106.36,87.9,59.15,53.29,22.07,0.92,49.96,1330072.75
2026-03-11 15:21:05,395.7,396.32,396.86,109.29,88.72,56.67,53.64,22.15,0.92,49.97,1330073.5
2026-03-11 15:21:09,395.82,396.53,396.86,109.46,88.88,59.83,54.49,22.09,0.92,49.97,1330073.62
2026-03-11 15:22:08,394.78,395.33,395.84,109.87,88.74,59.95,54.6,21.74,0.93,50.01,1330074.5
2026-03-11 15:22:12,394.8,395.42,395.91,109.76,88.8,56.82,53.82,21.73,0.92,50.02,1330074.5
2026-03-11 15:23:11,394.56,395.42,396.08,120.32,88.77,56.52,55.96,22.61,0.92,50.01,1330075.38
2026-03-11 15:23:15,394.58,395.33,396.02,121.51,88.65,56.24,56.12,22.7,0.92,50.02,1330075.5
2026-03-11 15:24:13,395.01,395.19,395.92,106.94,88.21,55.46,52.65,21.74,0.92,49.98,1330076.38
2026-03-11 15:24:18,394.9,395.48,396.0,106.82,88.2,55.55,52.65,21.73,0.92,49.99,1330076.38
2026-03-11 15:25:16,395.18,395.66,396.13,106.95,87.73,55.3,52.59,21.58,0.92,49.99,1330077.25
2026-03-11 15:25:20,395.15,395.54,395.88,105.29,87.7,55.21,52.15,21.52,0.92,49.99,1330077.25
2026-03-11 15:26:19,395.31,395.38,395.82,92.29,87.57,54.83,49.25,20.57,0.92,50.05,1330078.25
2026-03-11 15:26:23,396.18,396.14,396.69,92.21,90.13,54.71,50.22,20.93,0.92,50.05,1330078.25
2026-03-11 15:27:22,395.05,395.15,395.75,93.42,88.99,55.56,49.92,20.85,0.92,49.99,1330079.0
2026-03-11 15:27:26,395.48,395.33,396.2,93.42,88.77,55.72,49.99,20.8,0.92,50.01,1330079.12
2026-03-11 15:28:25,395.41,395.61,396.38,93.25,87.71,56.14,49.77,20.77,0.92,50.04,1330079.88
2026-03-11 15:28:29,395.74,395.74,396.49,93.18,87.8,56.14,49.79,20.8,0.92,50.04,1330080.0
2026-03-11 15:29:27,395.94,396.05,396.41,103.62,87.83,60.19,52.91,21.95,0.92,50.03,1330080.75
2026-03-11 15:29:31,395.53,395.93,396.51,103.89,87.82,56.24,52.04,21.86,0.92,50.03,1330080.88
2026-03-11 15:35:41,396.03,395.91,396.46,106.65,395.55,395.91,52.91,106.72,0.92,55.88,1330086.38
2026-03-11 15:35:44,55.84,21.99,396.62,50.02,89.21,3283084378112.0,52.95,0.0,0.0,-0.0,1330086.38
2026-03-11 15:36:44,97.01,88.85,50.86,21.58,88.91,50.01,50.86,3283341803520.0,0.92,-0.0,0.0
2026-03-11 15:36:48,-0.0,0.0,396.87,0.0,88.64,56.25,50.77,21.44,0.92,50.02,1330087.38
2026-03-11 15:37:47,56.39,396.82,20.44,96.52,50.04,1330088.25,49.2,-0.0,0.92,0.0,0.0
2026-03-11 15:37:53,396.53,396.53,396.81,96.32,80.51,56.45,49.12,20.43,0.92,50.02,1330088.38
2026-03-11 15:38:50,80.06,396.12,48.69,94.63,0.92,56.78,50.0,1330089.12,-0.0,0.0,-0.0
2026-03-11 15:38:59,396.07,396.41,396.42,94.4,80.37,56.64,48.64,20.4,0.92,49.98,1330089.25
2026-03-11 15:39:53,396.1,396.44,396.67,105.36,79.36,60.15,51.68,21.0,0.92,49.98,1330090.0
2026-03-11 15:40:02,396.07,396.43,396.47,105.33,79.48,56.01,50.73,20.83,0.92,49.96,1330090.12
2026-03-11 15:40:56,395.26,395.89,395.26,396.5,79.78,105.52,56.08,20.75,20.75,49.98,49.98
2026-03-11 15:41:07,396.2,396.61,396.94,105.53,79.8,56.2,50.96,20.84,0.92,49.98,1330091.0
2026-03-11 15:41:59,395.86,396.47,397.11,117.65,88.24,56.21,55.23,22.71,0.92,50.0,1330091.75
2026-03-11 15:42:09,396.11,396.45,397.18,104.84,89.35,56.13,52.72,21.84,0.92,50.0,1330091.88
2026-03-11 15:43:01,395.98,396.47,397.03,105.61,88.71,56.27,52.75,21.9,0.92,49.96,1330092.62
2026-03-11 15:43:12,396.6,396.5,397.34,94.0,88.32,56.05,50.18,20.88,0.92,49.98,1330092.88
2026-03-11 15:44:04,396.19,396.59,397.01,105.87,88.14,59.0,53.43,21.74,0.92,49.95,1330093.62
2026-03-11 15:44:15,396.61,396.64,397.48,105.28,88.22,55.32,52.45,21.8,0.92,49.96,1330093.75
2026-03-11 15:45:07,397.14,397.07,397.71,93.83,90.37,58.47,51.06,21.23,0.92,49.98,1330094.5
2026-03-11 15:45:18,397.43,396.93,397.86,93.0,88.5,56.15,50.0,21.09,0.92,50.01,1330094.62
2026-03-11 15:46:10,397.37,397.2,397.91,92.9,88.48,55.62,49.87,20.95,0.92,49.98,1330095.38
2026-03-11 15:46:21,397.28,397.07,397.79,93.13,88.57,58.16,50.56,21.06,0.92,49.96,1330095.5
2026-03-11 15:47:13,396.83,397.27,397.82,104.41,89.18,58.83,53.25,22.09,0.92,49.97,1330096.25
2026-03-11 15:47:23,396.93,397.03,397.64,104.76,89.37,55.71,52.62,22.08,0.92,49.98,1330096.38
2026-03-11 15:48:15,396.52,396.37,396.99,96.24,81.32,55.48,49.11,20.38,0.92,49.99,1330097.12
2026-03-11 15:48:26,396.56,396.47,396.94,96.57,81.36,58.35,49.9,20.43,0.92,49.99,1330097.25
2026-03-11 15:49:18,397.39,397.72,397.87,94.73,79.97,57.72,49.08,20.39,0.92,50.03,1330098.0
2026-03-11 15:49:29,397.41,397.62,397.7,94.79,80.04,55.14,48.47,20.46,0.92,50.03,1330098.12
2026-03-11 15:50:21,397.16,397.24,397.45,95.61,80.22,64.86,50.96,20.68,0.92,50.0,1330099.0
2026-03-11 15:50:32,397.26,397.49,397.73,95.48,80.32,60.11,49.83,20.63,0.92,49.99,1330099.12
2026-03-11 15:51:24,396.22,397.06,397.31,116.58,80.06,60.11,54.33,21.9,0.92,49.99,1330099.88
2026-03-11 15:51:34,396.3,396.78,397.26,106.59,80.25,60.09,52.23,21.11,0.92,49.98,1330100.0
2026-03-11 15:52:27,395.49,396.17,396.31,104.4,79.91,66.54,53.19,20.81,0.93,49.96,1330100.75
2026-03-11 15:52:37,396.04,396.69,396.95,104.05,79.91,58.48,51.11,20.96,0.92,49.96,1330100.88
2026-03-11 15:53:29,395.87,396.52,396.96,111.83,79.1,58.42,52.71,21.06,0.92,49.98,1330101.62
2026-03-11 15:53:40,395.32,396.5,396.95,123.74,79.3,58.74,55.3,21.92,0.93,49.98,1330101.75
2026-03-11 15:54:32,396.0,396.83,397.08,111.4,79.64,61.69,53.66,21.09,0.93,50.02,1330102.5
2026-03-11 15:54:43,395.92,396.59,396.87,111.47,79.9,61.74,53.71,20.95,0.93,50.03,1330102.75
2026-03-11 15:55:35,396.12,396.7,397.08,112.34,80.09,59.28,53.36,21.05,0.93,50.03,1330103.5
2026-03-11 15:55:45,396.1,396.75,397.11,112.44,80.01,59.08,53.32,21.01,0.93,50.04,1330103.62
2026-03-11 15:56:38,395.67,396.27,396.63,113.62,82.17,59.55,54.23,21.01,0.93,50.0,1330104.5
2026-03-11 15:56:48,395.79,396.39,397.02,112.92,79.94,59.3,53.39,20.93,0.93,50.01,1330104.62
2026-03-11 15:57:41,395.05,395.87,396.3,120.13,79.45,58.45,54.76,20.85,0.93,50.03,1330105.5
2026-03-11 15:57:51,394.73,395.71,396.19,120.0,79.71,58.56,54.83,20.9,0.93,50.02,1330105.62
2026-03-11 15:58:43,394.7,396.1,396.55,114.05,80.27,62.41,54.64,20.43,0.93,50.03,1330106.38
2026-03-11 15:58:54,395.24,395.86,396.35,108.55,80.18,59.29,52.72,19.9,0.93,50.04,1330106.5
2026-03-11 15:59:46,395.09,395.59,396.09,99.34,79.68,57.28,50.02,19.34,0.93,49.99,1330107.25
2026-03-11 15:59:57,395.36,395.48,395.81,99.9,81.2,67.05,52.24,20.95,0.92,49.99,1330107.38
2026-03-11 16:00:49,395.88,396.72,396.52,111.31,81.16,72.07,55.9,22.04,0.92,49.98,1330108.25
2026-03-11 16:00:59,395.89,396.73,396.61,112.36,80.95,71.52,56.06,22.16,0.92,50.0,1330108.38
2026-03-11 16:01:52,396.43,396.86,396.85,99.94,80.89,71.71,53.4,21.25,0.92,49.98,1330109.12
2026-03-11 16:02:02,396.47,397.0,396.92,99.99,80.97,73.02,53.76,21.14,0.92,49.98,1330109.25
2026-03-11 16:02:54,396.1,396.31,396.34,100.87,81.34,72.38,53.76,21.62,0.92,49.98,1330110.12
2026-03-11 16:03:05,395.61,396.38,396.25,113.56,81.62,69.34,55.17,22.34,0.92,49.99,1330110.25
2026-03-11 16:03:57,395.85,396.34,396.44,100.68,81.2,70.25,53.13,21.34,0.92,50.02,1330111.12
2026-03-11 16:04:08,396.64,397.22,396.88,100.68,81.32,70.63,53.36,21.55,0.92,50.04,1330111.25
2026-03-11 16:05:00,396.8,397.08,396.99,100.89,83.49,73.87,54.83,21.6,0.93,50.02,1330112.0
2026-03-11 16:05:11,396.87,397.28,397.39,101.3,85.7,71.23,54.82,21.69,0.93,50.01,1330112.12
2026-03-11 16:06:03,396.72,396.99,396.92,100.72,84.45,71.52,54.38,21.69,0.92,49.98,1330112.88
2026-03-11 16:06:13,396.43,396.61,396.8,100.59,84.21,71.29,54.23,21.65,0.92,49.98,1330113.12
2026-03-11 16:07:05,396.52,396.9,397.04,100.89,83.63,71.06,54.12,21.67,0.92,49.99,1330113.88
2026-03-11 16:07:16,396.74,396.89,397.07,100.97,83.58,71.2,54.15,21.74,0.92,49.96,1330114.0
2026-03-11 16:08:08,396.81,397.44,397.51,112.42,83.25,71.54,56.65,22.46,0.93,49.97,1330114.88
2026-03-11 16:08:19,396.65,397.38,397.24,115.25,83.01,71.52,57.28,22.49,0.93,49.99,1330115.12
2026-03-11 16:09:11,396.53,396.86,396.94,101.55,82.51,70.62,53.9,21.68,0.92,49.97,1330115.88
2026-03-11 16:09:22,396.26,396.84,396.73,101.72,82.65,70.96,54.04,21.62,0.92,49.98,1330116.0
2026-03-11 16:10:14,396.66,396.33,396.9,92.67,94.81,70.64,54.48,22.3,0.92,49.99,1330116.75
2026-03-11 16:10:24,396.78,396.28,396.59,109.67,96.77,72.09,58.37,25.37,0.92,49.98,1330116.88
2026-03-11 16:11:16,396.88,396.75,397.05,91.6,94.13,69.69,53.88,22.1,0.92,50.0,1330117.75
2026-03-11 16:11:27,396.99,396.64,397.01,91.83,94.41,70.15,54.1,22.09,0.92,50.01,1330117.88
2026-03-11 16:12:19,396.88,396.57,397.0,91.91,94.46,74.22,55.16,22.06,0.92,50.04,1330118.62
2026-03-11 16:12:30,396.8,396.42,397.0,91.52,94.27,70.26,54.12,22.05,0.92,50.04,1330118.75
2026-03-11 16:13:22,396.07,396.48,396.75,107.52,94.1,70.18,55.32,23.11,0.92,50.02,1330119.62
2026-03-11 16:13:33,397.03,397.0,397.26,92.82,94.37,70.1,54.27,22.53,0.92,50.04,1330119.75
2026-03-11 16:14:25,397.17,397.12,397.47,92.41,94.88,66.26,53.35,22.55,0.92,49.97,1330120.62
2026-03-11 16:14:35,397.06,397.03,397.43,92.42,94.77,66.69,53.41,22.6,0.92,49.96,1330120.75
2026-03-11 16:15:28,396.71,397.07,397.48,102.7,94.3,67.41,55.69,23.39,0.92,49.99,1330121.5
2026-03-11 16:15:38,397.04,397.19,397.68,102.66,94.2,67.12,55.55,23.31,0.92,49.99,1330121.75
2026-03-11 16:16:30,397.28,397.26,397.47,91.35,94.44,67.54,53.35,22.5,0.92,49.99,1330122.5
2026-03-11 16:16:41,397.59,397.3,397.89,90.96,94.23,67.52,53.24,22.55,0.92,50.02,1330122.62
2026-03-11 16:17:33,397.67,397.29,397.72,89.13,94.03,66.56,52.51,22.42,0.92,50.01,1330123.38
2026-03-11 16:17:44,397.87,397.48,397.92,88.67,93.86,66.31,52.32,22.44,0.92,50.0,1330123.5
2026-03-11 16:18:36,397.75,397.25,397.73,89.64,93.44,66.28,52.41,22.46,0.92,50.01,1330124.25
2026-03-11 16:18:46,396.28,396.05,396.28,89.64,93.2,69.33,53.07,22.05,0.92,50.02,1330124.5
2026-03-11 16:19:39,397.78,397.4,397.85,89.4,94.65,66.13,52.82,22.11,0.92,49.96,1330125.12
2026-03-11 16:19:49,397.23,397.02,397.16,89.38,94.68,66.34,52.89,22.0,0.92,49.97,1330125.5
2026-03-11 16:20:41,397.71,397.46,397.51,92.88,92.04,76.95,55.03,23.75,0.92,49.98,1330126.25
2026-03-11 16:20:52,397.42,396.58,396.87,80.54,92.59,80.49,53.14,22.87,0.92,49.95,1330126.38
2026-03-11 16:21:44,397.74,397.26,397.36,80.55,92.63,77.36,52.56,22.92,0.91,49.98,1330127.12
2026-03-11 16:21:55,397.64,396.86,397.21,80.59,92.73,77.55,52.6,22.87,0.91,49.97,1330127.25
2026-03-11 16:22:47,397.63,397.05,397.27,82.89,93.57,79.13,53.75,22.97,0.92,49.98,1330128.0
2026-03-11 16:22:58,397.73,397.56,397.56,94.05,93.86,77.28,55.77,23.93,0.92,49.97,1330128.12
2026-03-11 16:23:50,397.23,397.2,397.82,93.3,94.07,65.55,53.4,22.24,0.92,50.03,1330128.88
2026-03-11 16:24:00,397.26,397.13,397.48,93.96,94.12,65.87,53.57,22.29,0.92,50.01,1330129.12
2026-03-11 16:24:52,397.67,397.48,397.85,92.02,95.2,66.73,53.67,22.33,0.92,49.97,1330129.88
2026-03-11 16:25:03,397.46,397.49,397.87,92.22,95.23,67.15,53.81,22.32,0.92,49.99,1330130.0
2026-03-11 16:25:55,397.77,397.77,397.94,91.62,94.02,67.19,53.38,22.3,0.92,49.98,1330130.88
2026-03-11 16:26:06,397.6,397.27,397.56,91.71,94.01,72.0,54.58,22.24,0.92,49.97,1330131.0
2026-03-11 16:26:58,397.7,397.38,397.78,91.59,94.34,66.99,53.41,22.26,0.92,49.96,1330131.88
2026-03-11 16:27:09,398.07,397.73,398.26,91.13,93.93,66.79,53.17,22.22,0.92,49.97,1330132.0
2026-03-11 16:28:01,398.42,398.36,398.88,101.82,94.99,65.11,55.28,23.5,0.92,50.0,1330132.75
2026-03-11 16:28:11,398.42,398.27,398.52,89.92,91.8,64.99,51.87,22.53,0.91,49.98,1330132.88
2026-03-11 16:29:03,398.48,397.91,398.46,78.73,91.39,64.51,49.35,21.17,0.92,50.01,1330133.62
2026-03-11 16:29:14,398.63,398.18,398.69,78.63,91.4,64.44,49.33,21.23,0.91,50.02,1330133.75
2026-03-11 16:30:06,398.64,397.87,398.36,69.75,91.81,65.96,47.69,21.02,0.91,50.0,1330134.5
2026-03-11 16:30:17,398.57,398.12,398.63,80.24,93.91,64.41,50.21,21.72,0.91,50.01,1330134.62
2026-03-11 16:31:09,398.93,398.02,398.46,70.01,92.02,64.19,47.52,20.79,0.91,50.03,1330135.25
2026-03-11 16:31:20,399.39,398.47,398.94,69.83,92.32,66.23,48.07,20.9,0.91,50.02,1330135.38
2026-03-11 16:32:12,398.46,397.91,398.32,83.87,93.14,67.92,51.65,22.0,0.92,50.01,1330136.25
2026-03-11 16:32:22,398.41,398.27,398.48,83.92,93.31,68.24,51.84,21.99,0.92,50.02,1330136.38
2026-03-11 16:33:15,398.54,398.35,398.83,94.12,93.77,66.45,53.79,22.51,0.92,50.04,1330137.12
2026-03-11 16:33:25,398.39,398.27,398.61,93.75,93.94,66.27,53.69,22.57,0.92,50.03,1330137.38
2026-03-11 16:34:17,398.11,398.01,398.35,92.77,94.28,66.11,53.49,22.41,0.92,49.99,1330138.12
2026-03-11 16:34:28,397.99,397.86,398.18,92.61,94.41,66.26,53.52,22.57,0.92,50.0,1330138.25
2026-03-11 16:35:20,397.53,397.78,398.11,104.68,83.03,67.04,54.08,22.14,0.92,50.04,1330139.0
2026-03-11 16:35:31,398.14,398.32,398.39,92.35,82.86,66.81,51.22,21.28,0.92,50.03,1330139.12
2026-03-11 16:36:23,397.23,397.29,397.47,92.07,81.9,66.16,50.67,21.12,0.92,49.98,1330139.88
2026-03-11 16:36:33,397.32,397.48,397.53,92.05,81.69,66.13,50.61,21.17,0.92,49.99,1330140.0
2026-03-11 16:37:26,397.32,397.56,397.94,100.3,80.9,65.24,52.19,21.18,0.92,50.0,1330140.75
2026-03-11 16:37:36,397.3,397.84,398.11,111.23,81.02,66.15,54.73,22.17,0.92,50.0,1330140.88
2026-03-11 16:38:28,397.84,397.72,398.0,92.62,80.92,65.25,50.52,20.76,0.92,50.01,1330141.75
2026-03-11 16:38:39,397.99,397.89,398.17,92.51,81.15,65.31,50.57,20.79,0.92,50.01,1330141.88
2026-03-11 16:39:31,397.97,397.95,398.55,92.02,81.5,53.58,47.42,19.86,0.92,50.0,1330142.62
2026-03-11 16:39:42,397.86,397.84,398.38,91.77,81.56,51.4,47.41,19.84,0.92,49.99,1330142.75
2026-03-11 16:40:34,398.05,397.67,398.57,90.63,94.36,50.59,49.05,22.07,0.91,50.0,1330143.38
2026-03-11 16:40:44,398.01,397.76,398.67,90.36,91.83,50.62,48.98,20.91,0.92,50.01,1330143.5
2026-03-11 16:41:37,398.38,398.47,399.27,101.05,91.77,50.73,51.37,21.69,0.92,50.03,1330144.25
2026-03-11 16:41:47,398.56,398.49,399.31,100.81,92.13,50.68,51.39,21.71,0.92,50.01,1330144.38
2026-03-11 16:42:39,392.11,392.57,393.49,113.93,92.43,50.66,51.17,20.47,0.92,50.03,1330145.12
2026-03-11 16:42:50,392.62,392.6,393.51,100.89,92.44,51.01,51.25,20.45,0.92,50.01,1330145.38
2026-03-11 16:43:42,392.9,392.57,393.47,92.83,93.13,50.88,49.46,20.5,0.92,50.02,1330146.0
2026-03-11 16:43:53,393.05,392.6,393.57,92.71,93.15,50.74,49.44,20.48,0.92,50.03,1330146.12
2026-03-11 16:44:45,392.91,393.02,393.9,104.7,92.97,50.52,51.92,21.38,0.92,50.04,1330147.0
2026-03-11 16:44:55,393.07,393.1,393.82,104.39,92.85,50.67,51.85,21.39,0.92,50.03,1330147.12
2026-03-11 16:45:48,393.6,393.37,394.29,91.41,92.97,51.18,49.32,20.39,0.92,50.01,1330147.88
2026-03-11 16:45:58,393.58,393.21,394.12,91.52,93.07,51.16,49.32,20.37,0.92,49.99,1330148.0
2026-03-11 16:46:50,393.82,393.53,394.44,92.02,93.34,51.53,49.65,393.49,394.5,50.01,92.03
2026-03-11 16:47:01,393.84,393.47,394.43,92.09,93.5,51.62,49.75,20.43,0.92,50.02,1330148.88
2026-03-11 16:47:53,394.13,393.58,394.47,83.26,93.4,51.43,47.69,19.98,0.92,50.02,1330149.5
2026-03-11 16:48:04,394.0,393.28,394.11,83.08,93.08,51.34,47.55,19.92,0.92,50.02,1330149.75
2026-03-11 16:48:56,393.87,393.32,394.15,82.46,92.71,51.03,47.26,19.85,0.92,50.04,1330150.38
2026-03-11 16:49:06,393.96,393.4,394.34,82.8,93.0,51.06,47.44,19.86,0.92,50.04,1330150.5
2026-03-11 16:49:58,393.85,393.6,394.37,96.49,89.5,51.27,49.51,20.88,0.92,50.05,1330151.25
2026-03-11 16:50:09,394.25,393.86,394.57,82.43,89.7,50.99,46.47,19.96,0.92,50.04,1330151.38
2026-03-11 16:51:01,393.8,393.6,394.5,93.45,88.78,50.75,48.61,20.49,0.92,50.03,1330152.12
2026-03-11 16:51:12,393.87,393.7,394.47,92.41,88.79,50.24,48.23,20.43,0.92,50.03,1330152.25
2026-03-11 16:52:04,393.97,393.86,394.67,91.68,89.13,50.15,48.12,20.5,0.92,50.0,1330152.88
2026-03-11 16:52:15,394.25,394.3,395.13,102.29,89.29,50.22,50.51,21.28,0.92,50.04,1330153.12
2026-03-11 16:53:07,394.73,394.39,395.24,90.43,91.92,49.8,48.58,20.44,0.92,50.01,1330153.75
2026-03-11 16:53:17,394.46,394.14,394.78,90.47,92.63,53.3,49.57,20.48,0.92,49.97,1330153.88
2026-03-11 16:54:09,394.38,394.05,394.76,89.82,92.02,49.75,48.42,20.35,0.92,50.05,1330154.62
2026-03-11 16:54:20,394.56,394.2,394.97,89.9,92.27,49.98,48.57,20.41,0.92,50.05,1330154.75
2026-03-11 16:55:12,394.3,394.42,394.94,98.97,85.89,53.54,50.39,19.56,0.93,50.04,1330155.5
2026-03-11 16:55:23,394.24,394.36,395.07,98.95,85.82,50.4,49.58,19.57,0.93,50.04,1330155.62
2026-03-11 16:56:15,395.12,395.33,395.73,98.72,76.93,50.48,47.9,18.57,0.93,50.05,1330156.25
2026-03-11 16:56:26,395.1,395.31,395.8,98.78,74.64,50.08,47.25,18.55,0.93,50.05,1330156.38
2026-03-11 16:57:18,395.38,395.61,396.06,103.45,77.3,50.42,49.01,19.05,0.93,50.05,1330157.12
2026-03-11 16:57:29,395.74,395.48,396.0,89.8,81.26,50.45,47.11,18.01,0.93,50.04,1330157.25
2026-03-11 16:58:21,396.55,396.26,396.75,89.19,80.91,50.92,47.05,18.16,0.93,50.05,1330158.0
2026-03-11 16:58:32,396.61,396.33,396.79,88.81,80.98,50.58,46.91,18.14,0.93,50.05,1330158.12
2026-03-11 16:59:24,395.52,395.54,396.17,99.66,82.09,50.13,49.25,19.05,0.93,49.99,1330158.88
2026-03-11 16:59:35,395.7,395.69,396.15,99.78,82.14,53.2,50.02,19.03,0.93,50.0,1330159.0
2026-03-11 17:00:27,396.83,396.75,397.4,99.55,82.21,50.1,49.43,18.96,0.93,50.05,1330159.62
2026-03-11 17:00:37,397.08,397.11,397.67,99.62,78.53,50.19,48.53,19.1,0.93,50.06,1330159.88
2026-03-11 17:01:29,397.25,397.25,397.59,98.33,78.73,53.8,49.26,18.91,0.93,50.05,1330160.5
2026-03-11 17:01:40,396.66,396.68,397.03,98.27,78.65,53.77,49.15,18.86,0.93,50.05,1330160.62
2026-03-11 17:02:32,396.54,396.5,396.83,94.96,80.49,51.22,48.01,19.3,0.93,50.03,1330161.38
2026-03-11 17:02:43,396.63,396.53,396.94,94.62,80.25,51.18,47.88,19.3,0.92,50.03,1330161.5
2026-03-11 17:03:35,394.88,394.6,394.85,83.09,77.74,50.99,44.48,18.46,0.92,50.05,1330162.12
2026-03-11 17:03:46,394.96,394.68,394.93,83.07,77.74,50.82,44.45,18.45,0.92,50.05,1330162.25
2026-03-11 17:04:38,394.22,394.35,394.55,94.38,77.09,50.36,46.6,19.05,0.92,50.05,1330163.0
2026-03-11 17:04:49,394.56,394.25,394.51,81.0,77.02,50.25,43.67,18.13,0.92,50.05,1330163.12
2026-03-11 17:05:41,394.51,394.08,394.26,78.04,76.07,49.43,42.48,18.16,0.92,49.97,1330163.75
2026-03-11 17:05:51,394.67,394.23,394.51,77.87,75.97,51.03,42.8,18.25,0.92,50.01,1330163.88
2026-03-11 17:06:44,394.43,394.26,394.18,89.12,76.35,66.57,48.69,20.16,0.92,50.04,1330164.5
2026-03-11 17:06:54,394.28,394.23,394.01,89.35,76.56,66.64,48.84,20.17,0.92,50.04,1330164.62
2026-03-11 17:07:47,394.85,394.42,394.33,77.91,76.25,65.61,46.02,19.39,0.92,50.04,1330165.38
2026-03-11 17:07:57,394.87,394.37,394.38,78.08,76.38,65.18,45.97,19.39,0.92,50.04,1330165.5
2026-03-11 17:08:50,394.6,394.34,394.69,87.82,76.96,55.99,46.64,18.35,0.93,50.04,1330166.12
2026-03-11 17:09:00,394.26,394.34,394.39,97.88,76.8,57.57,49.05,19.11,0.93,50.05,1330166.25
2026-03-11 17:09:52,394.34,394.18,394.46,87.13,75.53,50.06,44.64,18.24,0.92,50.04,1330166.88
2026-03-11 17:10:03,394.43,394.25,394.6,87.2,75.46,50.17,44.67,18.28,0.92,50.04,1330167.12
2026-03-11 17:10:55,394.27,394.23,394.49,86.71,75.49,49.98,44.48,18.25,0.92,50.04,1330167.75
2026-03-11 17:11:06,394.24,394.21,394.48,86.79,75.42,50.01,44.52,18.23,0.92,50.04,1330167.88
2026-03-11 17:11:58,394.61,393.98,394.29,67.29,75.52,49.45,40.1,17.18,0.92,50.04,1330168.5
2026-03-11 17:12:08,394.48,393.9,394.19,67.14,75.47,49.43,40.02,17.17,0.92,50.04,1330168.62
2026-03-11 17:13:01,394.18,393.46,393.85,67.98,79.54,49.33,41.2,17.19,0.92,50.0,1330169.25
2026-03-11 17:13:11,394.35,393.65,394.02,67.92,79.52,49.27,41.16,17.19,0.92,50.02,1330169.38
2026-03-11 17:14:03,393.65,393.21,393.74,84.15,87.62,49.19,45.81,20.28,0.91,49.98,1330170.0
2026-03-11 17:14:14,393.9,393.22,393.78,74.43,85.71,49.26,43.31,19.45,0.91,49.97,1330170.12
2026-03-11 17:15:06,393.49,393.25,393.63,85.03,86.07,50.04,45.73,20.54,0.91,49.97,1330170.75
2026-03-11 17:15:17,393.54,393.22,393.67,84.94,85.96,50.12,45.71,20.55,0.91,49.99,1330170.88
2026-03-11 17:16:09,393.95,393.5,393.65,72.11,75.2,49.85,41.55,19.95,0.9,49.99,1330171.5
2026-03-11 17:16:19,393.69,393.57,393.71,82.79,75.32,49.96,43.1,19.24,0.91,50.01,1330171.62
2026-03-11 17:17:12,394.05,393.62,393.76,71.86,76.63,49.7,41.05,18.43,0.91,50.0,1330172.25
2026-03-11 17:17:22,394.05,393.66,393.63,71.84,76.47,52.96,41.8,18.41,0.91,49.99,1330172.38
2026-03-11 17:18:15,394.11,393.71,393.84,70.74,76.0,49.63,40.62,18.4,0.91,49.97,1330172.88
2026-03-11 17:18:25,394.08,393.61,393.72,70.85,76.11,49.55,40.65,18.36,0.91,49.99,1330173.0
2026-03-11 17:19:17,393.78,393.47,393.63,75.84,76.14,49.72,41.89,18.36,0.91,49.96,1330173.75
2026-03-11 17:19:28,393.81,393.42,393.58,75.95,76.04,49.71,41.89,18.34,0.91,49.96,1330173.88
